Date,Close/Last,Volume,Open,High,Low
2025-06-20,322,108688000,328,332,318
2025-06-18,322,95137690,317,329,315
2025-06-17,316,88282670,326,327,315
2025-06-16,329,83925860,331,332,326
2025-06-13,325,128964300,314,333,313
2025-06-12,319,105127500,323,333,317
2025-06-11,326,122611400,334,336,323
2025-06-10,326,151256500,315,328,311
2025-06-09,309,140908900,286,310,282
2025-06-06,295,164747700,299,306,291
2025-06-05,285,292818700,322,325,273
2025-06-04,332,98912080,345,346,327
2025-06-03,344,99324540,347,355,343
2025-06-02,343,81873830,344,348,333
2025-05-30,346,123474900,356,364,345
2025-05-29,358,88545670,365,368,356
2025-05-28,357,91404310,365,365,356
2025-05-27,363,120146400,347,364,347
2025-05-23,339,84654820,338,343,333
2025-05-22,341,97113420,332,347,331
2025-05-21,335,102354800,344,347,332
2025-05-20,344,131715500,348,355,342
2025-05-19,342,88869850,336,343,333
2025-05-16,350,95895670,346,352,342
2025-05-15,343,97882600,340,346,335
2025-05-14,348,136997300,343,350,337
2025-05-13,334,136992600,320,338,317
2025-05-12,318,112826700,322,322,312
2025-05-09,298,132387800,290,307,290
2025-05-08,285,97539450,280,290,279
2025-05-07,276,71882410,277,278,271
2025-05-06,275,76715790,273,278,271
2025-05-05,280,94618880,285,285,274
2025-05-02,287,114454700,285,295,280
2025-05-01,281,99658970,280,291,280
2025-04-30,282,128961100,280,284,271
2025-04-29,292,108906600,286,293,279
2025-04-28,286,151731800,289,295,272
2025-04-25,285,167560700,262,287,260
2025-04-24,260,94464200,251,260,249
2025-04-23,251,150381900,255,259,244
2025-04-22,238,120858500,231,243,230
2025-04-21,228,97768010,230,232,223
2025-04-17,241,83404780,243,244,238
2025-04-16,242,112378700,248,252,234
2025-04-15,254,79594320,250,259,248
2025-04-14,252,100135200,258,262,246
2025-04-11,252,128948100,252,258,241
2025-04-10,252,181722600,260,262,239
2025-04-09,272,219433400,225,275,224
2025-04-08,222,171603500,245,250,218
2025-04-07,233,183453800,224,252,214
2025-04-04,239,181229400,255,261,236
2025-04-03,267,136174300,265,276,262
2025-04-02,283,212787800,255,285,251
2025-04-01,268,146486900,264,277,259
2025-03-31,259,134008900,249,261,243
2025-03-28,264,123809400,276,276,261
2025-03-27,273,162572100,272,292,272
2025-03-26,272,156254400,283,285,267
2025-03-25,288,150361500,284,288,271
2025-03-24,278,169079900,258,279,256
2025-03-21,249,132728700,235,250,235
2025-03-20,236,99028270,233,238,230
2025-03-19,236,111993800,232,241,229
2025-03-18,225,111477600,228,230,222
2025-03-17,238,111900600,245,245,233
2025-03-14,250,100242300,247,252,241
2025-03-13,241,114813500,248,248,233
2025-03-12,248,142215700,247,252,241
2025-03-11,231,174896400,225,237,217
2025-03-10,222,189076900,253,253,220
2025-03-07,263,102369600,259,266,251
2025-03-06,263,98451570,272,273,260
2025-03-05,279,94042910,273,280,268
2025-03-04,272,126706600,271,284,262
2025-03-03,285,115551400,300,304,277
2025-02-28,293,115697000,280,294,274
2025-02-27,282,101748200,291,297,281
2025-02-26,291,100118300,304,309,288
2025-02-25,303,134228800,327,329,297
2025-02-24,331,76052320,338,342,325
2025-02-21,338,74058650,353,355,334
2025-02-20,354,45965350,362,362,348
2025-02-19,361,67094370,354,367,354
2025-02-18,354,51631700,355,359,350
2025-02-14,356,68277280,361,362,348
2025-02-13,356,89441520,345,359,343
2025-02-12,337,105382700,330,346,329
2025-02-11,329,118543400,346,349,325
2025-02-10,351,77514900,356,363,351
2025-02-07,362,70298260,370,381,360
2025-02-06,374,77918230,373,375,363
2025-02-05,378,57614720,388,388,376
2025-02-04,392,57072240,383,394,381
2025-02-03,384,93732120,387,389,374
2025-01-31,405,83568220,402,420,401
2025-01-30,400,98092880,411,413,384
2025-01-29,389,68033650,395,399,384
2025-01-28,398,48910680,397,401,387
2025-01-27,397,58125510,395,407,389
2025-01-24,407,56427150,414,419,406
2025-01-23,412,50690590,416,421,409
2025-01-22,415,60963340,417,428,415
2025-01-21,424,87320890,433,433,406
2025-01-17,427,94991430,422,440,420
2025-01-16,414,68335150,423,424,409
2025-01-15,428,81375460,410,430,406
2025-01-14,396,84565020,414,423,395
2025-01-13,403,67580490,383,404,380
2025-01-10,395,62287330,391,399,377
2025-01-08,395,73038810,393,402,387
2025-01-07,394,75699530,406,414,390
2025-01-06,411,85516530,423,426,402
2025-01-03,410,95423330,381,412,379
2025-01-02,379,109710700,390,393,373
2024-12-31,404,76825120,424,428,403
2024-12-30,417,64941010,419,427,416
2024-12-27,432,82666820,450,450,427
2024-12-26,454,76651210,465,465,451
2024-12-24,462,59551750,436,463,435
2024-12-23,431,72698060,431,435,415
2024-12-20,421,132216200,426,447,418
2024-12-19,436,118566100,452,456,420
2024-12-18,440,149340800,466,489,427
2024-12-17,480,131223000,476,484,458
2024-12-16,463,114083800,441,463,436
2024-12-13,436,89000160,420,436,416
2024-12-12,418,87752230,425,429,415
2024-12-11,425,104287600,410,425,402
2024-12-10,401,97563580,393,410,391
2024-12-09,390,96359170,398,405,378
2024-12-06,389,81455830,377,389,371
2024-12-05,369,81403570,360,375,360
2024-12-04,358,50810870,353,358,349
2024-12-03,351,58267200,352,356,348
2024-12-02,357,77986480,352,360,351
2024-11-29,345,37167620,336,345,335
2024-11-27,333,57896440,342,343,327
2024-11-26,338,62295860,341,347,336
2024-11-25,339,95890900,360,362,338
2024-11-22,353,89140720,341,362,338
2024-11-21,340,58011720,344,348,335
2024-11-20,342,66340650,345,347,334
2024-11-19,346,88852450,336,347,333
2024-11-18,339,126547500,341,349,330
2024-11-15,321,114440300,311,325,309
2024-11-14,311,120726100,328,330,310
2024-11-13,330,125405600,336,345,323
2024-11-12,328,155726000,343,346,323
2024-11-11,350,210521600,346,359,336
2024-11-08,321,204782800,299,329,298
2024-11-07,297,117309200,289,300,286
2024-11-06,289,165228700,285,290,276
2024-11-05,251,69282510,247,255,246
2024-11-04,243,68802350,245,249,239
2024-11-01,249,57544760,252,254,247
2024-10-31,250,66575290,258,260,249
2024-10-30,258,53993580,258,263,256
2024-10-29,260,80521750,265,265,256
2024-10-28,263,107653600,270,274,262
2024-10-25,269,161611900,256,269,255
2024-10-24,260,204491900,245,262,243
2024-10-23,214,80938890,217,219,212
2024-10-22,218,43268740,217,218,215
2024-10-21,219,47328990,219,220,216
2024-10-18,221,49611870,221,222,219
2024-10-17,221,50791780,222,222,218
2024-10-16,221,49632820,221,223,219
2024-10-15,220,62988790,220,224,217
2024-10-14,219,86291920,220,222,214
2024-10-11,218,142628900,220,223,214
2024-10-10,239,83087060,242,243,232
2024-10-09,241,66289530,244,247,240
2024-10-08,245,56303160,244,246,241
2024-10-07,241,68113270,249,250,241
2024-10-04,250,86726290,247,251,245
2024-10-03,241,80729240,244,250,238
2024-10-02,249,93983930,248,251,242
2024-10-01,258,87397610,263,264,249
2024-09-30,262,80873380,259,265,256
2024-09-27,260,70988070,257,261,254
2024-09-26,254,67142190,261,262,252
2024-09-25,257,65034320,253,257,252
2024-09-24,254,88491000,254,257,249
2024-09-23,250,86927190,243,250,242
2024-09-20,238,99879070,242,244,236
2024-09-19,244,102694600,234,244,232
2024-09-18,227,78010200,230,236,227
2024-09-17,228,66761640,229,235,227
2024-09-16,227,54323000,229,230,224
2024-09-13,230,59515110,228,233,226
2024-09-12,230,72020040,225,231,224
2024-09-11,228,83548630,225,228,217
2024-09-10,226,78891140,220,226,219
2024-09-09,216,67443520,216,220,214
2024-09-06,211,112177000,233,234,211
2024-09-05,230,119355000,223,235,222
2024-09-04,219,80651770,211,222,211
2024-09-03,211,76714220,215,220,210
2024-08-30,214,63370610,209,215,207
2024-08-29,206,62308820,210,215,206
2024-08-28,206,64116350,210,212,203
2024-08-27,209,62821390,213,216,207
2024-08-26,213,59301190,219,219,211
2024-08-23,220,81525210,214,221,214
2024-08-22,211,79514480,224,225,210
2024-08-21,223,70145960,223,225,219
2024-08-20,221,74001180,225,228,220
2024-08-19,223,76435220,217,223,214
2024-08-16,216,88765120,211,220,211
2024-08-15,214,89848530,205,216,205
2024-08-14,201,70250010,207,208,199
2024-08-13,208,76247390,198,208,197
2024-08-12,197,64044900,199,199,195
2024-08-09,200,58648270,197,201,195
2024-08-08,199,65033870,196,201,192
2024-08-07,192,71159780,201,203,191
2024-08-06,201,73783940,201,203,193
2024-08-05,199,100308800,185,204,182
2024-08-02,208,82880120,215,216,206
2024-08-01,217,83861900,228,232,214
2024-07-31,232,67497010,228,235,227
2024-07-30,223,100560300,232,232,220
2024-07-29,232,129201800,225,234,225
2024-07-26,220,94604150,221,222,215
2024-07-25,220,100636500,217,226,216
2024-07-24,216,167942900,225,226,215
2024-07-23,246,111928200,254,256,246
2024-07-22,252,101225400,244,253,244
2024-07-19,239,87403900,248,249,237
2024-07-18,249,110869000,251,257,247
2024-07-17,249,115584800,253,258,246
2024-07-16,257,126332500,255,259,246
2024-07-15,253,146912900,256,266,252
2024-07-12,248,155955800,236,252,233
2024-07-11,241,221707300,263,271,240
2024-07-10,263,128519400,263,268,258
2024-07-09,262,160742500,251,266,250
2024-07-08,253,157219600,248,259,245
2024-07-05,252,154501200,250,252,242
2024-07-03,246,166561500,235,248,234
2024-07-02,231,205047900,219,231,218
2024-07-01,210,135691400,201,213,201
2024-06-28,198,95438070,200,203,195
2024-06-27,197,72746520,195,199,194
2024-06-26,196,95737070,187,198,186
2024-06-25,187,63678270,184,188,182
2024-06-24,183,61992070,185,189,183
2024-06-21,183,63029480,182,184,181
2024-06-20,182,55893140,185,185,180
2024-06-18,185,68982270,187,187,182
2024-06-17,187,109786100,178,189,177
2024-06-14,178,82038190,186,186,177
2024-06-13,182,118984100,188,191,181
2024-06-12,177,90389450,171,181,170
2024-06-11,171,64761930,174,175,167
2024-06-10,174,50869680,176,179,173
2024-06-07,177,56244930,176,179,176
2024-06-06,178,69887020,175,180,173
2024-06-05,175,57953760,175,176,172
2024-06-04,175,60056340,175,178,174
2024-06-03,176,68568920,178,183,174
2024-05-31,178,67314600,179,180,174
2024-05-30,179,77784760,179,183,175
2024-05-29,176,54782650,174,178,174
2024-05-28,177,59736620,176,178,173
2024-05-24,179,65584480,175,180,174
2024-05-23,174,71975500,182,182,173
2024-05-22,180,88313480,183,184,178
2024-05-21,187,115266500,176,187,175
2024-05-20,175,61727430,178,178,174
2024-05-17,177,77445850,174,180,173
2024-05-16,175,59812220,174,176,171
2024-05-15,174,79662990,180,180,173
2024-05-14,178,86407420,174,179,174
2024-05-13,172,67018900,170,175,169
2024-05-10,168,72627180,173,173,168
2024-05-09,172,65950290,175,176,171
2024-05-08,175,79969490,172,176,170
2024-05-07,178,75045850,182,183,177
2024-05-06,185,84390250,184,188,182
2024-05-03,181,75491540,182,185,178
2024-05-02,180,89148040,183,185,176
2024-05-01,180,92829720,182,186,179
2024-04-30,183,127031800,187,191,183
2024-04-29,194,243869700,188,199,185
2024-04-26,168,109815700,169,172,166
2024-04-25,170,126427500,159,171,158
2024-04-24,162,181178000,163,168,158
2024-04-23,145,124545100,143,147,141
2024-04-22,142,107097600,141,144,139
2024-04-19,147,87074500,149,151,146
2024-04-18,150,96098830,151,152,149
2024-04-17,155,82439720,158,158,154
2024-04-16,157,96999960,157,158,154
2024-04-15,161,100245300,170,171,161
2024-04-12,171,64722670,172,174,170
2024-04-11,175,94515990,173,176,169
2024-04-10,172,84532410,173,175,170
2024-04-09,177,103232700,173,179,172
2024-04-08,173,104423300,169,175,168
2024-04-05,165,143157600,169,171,161
2024-04-04,171,123162000,170,177,168
2024-04-03,168,82950140,164,169,163
2024-04-02,167,116650600,165,168,163
2024-04-01,175,81562130,176,177,170
2024-03-28,176,77654840,177,180,175
2024-03-27,180,81804040,181,182,176
2024-03-26,178,113186200,179,184,177
2024-03-25,173,74228620,169,175,169
2024-03-22,171,75580640,167,171,166
2024-03-21,173,73178010,176,178,172
2024-03-20,176,83846730,173,176,171
2024-03-19,171,77271430,172,173,167
2024-03-18,174,108214400,170,175,166
2024-03-15,164,97146830,163,165,161
2024-03-14,163,126325700,168,171,161
2024-03-13,169,106524500,173,176,169
2024-03-12,178,87391680,178,179,172
2024-03-11,178,85391530,175,183,175
2024-03-08,175,85544640,182,183,175
2024-03-07,179,102129000,174,180,174
2024-03-06,177,107920900,180,182,174
2024-03-05,181,119660800,183,185,178
2024-03-04,188,134334900,199,200,187
2024-03-01,203,82243120,201,205,199
2024-02-29,202,85906970,204,205,198
2024-02-28,202,99806170,200,205,198
2024-02-27,200,108645400,204,206,198
2024-02-26,199,111747100,192,202,192
2024-02-23,192,78841920,195,198,192
2024-02-22,197,92739460,194,198,191
2024-02-21,195,103844000,193,199,192
2024-02-20,194,104545800,196,199,189
2024-02-16,200,111346700,202,203,197
2024-02-15,200,120831800,189,201,189
2024-02-14,189,81202990,185,189,183
2024-02-13,184,86759480,184,187,182
2024-02-12,188,95498600,192,195,187
2024-02-09,194,84476350,190,194,189
2024-02-08,190,83034040,189,192,186
2024-02-07,188,111535200,188,190,183
2024-02-06,185,122676000,177,186,177
2024-02-05,181,134294400,184,185,175
2024-02-02,188,110612700,185,189,182
2024-02-01,189,91843280,189,190,184
2024-01-31,187,103221400,187,194,186
2024-01-30,192,109982300,195,196,191
2024-01-29,191,125013100,186,191,184
2024-01-26,183,107343200,186,187,182
2024-01-25,183,198076800,190,193,180
2024-01-24,208,123369900,212,213,207
2024-01-23,209,106605900,211,216,208
2024-01-22,209,117952500,212,218,206
2024-01-19,212,102260300,210,213,208
2024-01-18,212,108595400,217,217,209
2024-01-17,216,103164400,215,216,212
2024-01-16,220,115355000,215,223,212
2024-01-12,219,123043800,220,225,217
2024-01-11,227,105873600,231,231,225
2024-01-10,234,91628500,235,236,231
2024-01-09,235,96705660,238,239,232
2024-01-08,240,85166580,236,241,235
2024-01-05,237,92488940,237,240,235
2024-01-04,238,102629300,239,243,238
2024-01-03,238,121082600,245,246,236
2024-01-02,248,104654200,250,251,244
2023-12-29,248,100891600,255,255,247
2023-12-28,253,113619900,264,265,253
2023-12-27,261,106494400,258,263,258
2023-12-26,257,86892380,254,258,253
2023-12-22,253,93370090,257,258,251
2023-12-21,255,109594200,252,255,249
2023-12-20,247,125097000,256,260,247
2023-12-19,257,106737400,253,258,253
2023-12-18,252,116416500,254,259,251
2023-12-15,254,135932800,251,254,248
2023-12-14,251,160829200,241,254,241
2023-12-13,239,146286300,234,240,228
2023-12-12,237,95328310,239,239,234
2023-12-11,240,97913890,243,243,237
2023-12-08,244,103126800,240,245,239
2023-12-07,243,107142300,242,244,237
2023-12-06,239,126436200,243,247,239
2023-12-05,239,137971100,234,247,234
2023-12-04,236,104099800,236,239,233
2023-12-01,239,121331700,233,240,232
2023-11-30,240,132353200,245,245,237
2023-11-29,244,135401300,249,253,243
2023-11-28,247,148549900,237,247,234
2023-11-27,236,112031800,237,238,232
2023-11-24,235,65125200,234,239,232
2023-11-22,234,118117100,242,244,231
2023-11-21,241,122288000,235,244,233
2023-11-20,236,116562400,234,237,231
2023-11-17,234,142766200,232,237,227
2023-11-16,234,136816800,239,241,231
2023-11-15,243,150354000,239,247,236
2023-11-14,237,149771600,235,238,231
2023-11-13,224,140447600,216,225,212
2023-11-10,215,131310100,210,215,206
2023-11-09,210,142110500,220,221,207
2023-11-08,222,106584800,223,224,218
2023-11-07,222,116900100,220,223,216
2023-11-06,219,117335800,224,226,215
2023-11-03,220,119534800,221,226,218
2023-11-02,219,125987600,213,219,211
2023-11-01,206,121661700,204,206,198
2023-10-31,201,118068300,196,203,194
2023-10-30,197,136448200,209,211,195
2023-10-27,207,94881170,211,212,206
2023-10-26,206,115112600,211,215,205
2023-10-25,212,107065100,216,220,212
2023-10-24,217,118231100,217,222,214
2023-10-23,212,150683400,210,217,203
2023-10-20,212,138010100,217,219,210
2023-10-19,220,170772700,226,231,217
2023-10-18,243,125147800,253,255,242
2023-10-17,255,93562910,250,257,247
2023-10-16,254,88917180,250,255,248
2023-10-13,251,102296800,259,260,250
2023-10-12,259,111508100,263,265,257
2023-10-11,263,103706300,266,269,261
2023-10-10,264,122656000,258,269,258
2023-10-09,260,101377900,255,261,252
2023-10-06,261,118121800,254,262,251
2023-10-05,260,119159200,260,264,256
2023-10-04,261,129721600,248,262,248
2023-10-03,247,101985300,249,250,244
2023-10-02,252,123810400,245,254,243
2023-09-29,250,128522700,250,255,246
2023-09-28,246,117058900,240,248,239
2023-09-27,241,136597200,244,245,235
2023-09-26,244,101993600,243,250,242
2023-09-25,247,104636600,243,247,238
2023-09-22,245,127524100,257,258,244
2023-09-21,256,119951500,258,261,254
2023-09-20,263,122514600,267,274,262
2023-09-19,267,103704000,264,268,261
2023-09-18,265,101543300,271,271,264
2023-09-15,274,133692300,278,279,271
2023-09-14,276,107709800,271,277,270
2023-09-13,271,111673700,270,275,268
2023-09-12,267,135999900,271,278,267
2023-09-11,274,174667900,264,275,261
2023-09-08,249,118559600,251,257,247
2023-09-07,251,115312900,245,253,243
2023-09-06,252,116959800,255,255,245
2023-09-05,256,129469600,245,258,245
2023-09-01,245,132541600,257,259,242
2023-08-31,258,108861700,256,261,255
2023-08-30,257,121988400,254,261,251
2023-08-29,257,134047600,239,257,238
2023-08-28,239,107673700,243,244,235
2023-08-25,239,106612200,231,239,230
2023-08-24,230,99777430,239,239,228
2023-08-23,237,101077600,229,239,229
2023-08-22,233,130597900,240,241,230
2023-08-21,231,135702700,222,232,221
2023-08-18,215,136276600,214,218,212
2023-08-17,219,120718400,226,227,219
2023-08-16,226,112484500,228,234,225
2023-08-15,233,88197600,239,241,233
2023-08-14,240,98595330,236,241,234
2023-08-11,243,99038640,242,244,238
2023-08-10,245,109498600,245,252,243
2023-08-09,242,101596300,251,251,242
2023-08-08,250,96642180,247,251,245
2023-08-07,251,111097900,251,254,243
2023-08-04,254,99539910,261,265,253
2023-08-03,259,97829550,252,260,252
2023-08-02,254,101752900,256,260,250
2023-08-01,261,83645720,266,266,260
2023-07-31,267,84582170,267,269,264
2023-07-28,266,111446000,260,267,258
2023-07-27,256,103697300,268,269,255
2023-07-26,264,95856180,263,268,262
2023-07-25,265,112757300,272,273,265
2023-07-24,269,137005000,256,270,254
2023-07-21,260,161796100,268,268,256
2023-07-20,263,175158300,280,281,261
2023-07-19,291,142355400,296,299,290
2023-07-18,293,112434700,290,295,286
2023-07-17,290,131569600,287,292,284
2023-07-14,281,120062400,277,285,276
2023-07-13,278,112681500,275,279,271
2023-07-12,272,95672140,276,277,271
2023-07-11,270,91972360,269,271,266
2023-07-10,270,119425400,276,278,265
2023-07-07,274,113879200,278,281,274
2023-07-06,277,120707400,278,280,273
2023-07-05,282,131530900,279,284,278
2023-07-03,280,118999000,276,284,275
2023-06-30,262,112620800,261,264,260
2023-06-29,258,131283400,258,261,254
2023-06-28,256,159770800,250,260,249
2023-06-27,250,164968200,243,250,241
2023-06-26,241,179990600,250,258,241
2023-06-23,257,177460800,259,262,253
2023-06-22,265,166875900,251,265,248
2023-06-21,259,211797100,275,277,258
2023-06-20,274,165611200,262,275,261
2023-06-16,261,167915600,259,264,257
2023-06-15,256,160171200,248,259,247
2023-06-14,257,170575500,260,262,251
2023-06-13,259,162384300,254,260,251
2023-06-12,250,150740500,248,251,245
2023-06-09,244,200242400,249,252,242
2023-06-08,235,164489700,224,235,223
2023-06-07,225,185710800,228,231,223
2023-06-06,221,146911600,216,222,213
2023-06-05,218,151143100,218,221,215
2023-06-02,214,164398400,210,217,210
2023-06-01,208,148029900,203,210,199
2023-05-31,204,150711700,200,204,195
2023-05-30,201,128818700,200,204,198
2023-05-26,193,162061500,185,199,185
2023-05-25,184,96870720,187,187,181
2023-05-24,183,137605100,182,184,178
2023-05-23,186,156952100,186,193,185
2023-05-22,189,132001400,181,189,180
2023-05-19,180,136196700,177,182,176
2023-05-18,177,109520300,174,177,172
2023-05-17,174,125473600,168,175,167
2023-05-16,167,98288790,166,170,164
2023-05-15,166,105592500,168,170,165
2023-05-12,168,157849600,176,177,167
2023-05-11,172,103889900,169,174,167
2023-05-10,169,119840700,173,174,167
2023-05-09,169,88965040,169,170,167
2023-05-08,172,112249400,174,174,169
2023-05-05,170,107607300,164,171,164
2023-05-04,161,95108490,163,163,160
2023-05-03,161,119728000,160,165,160
2023-05-02,160,128259700,162,165,159
2023-05-01,162,109015000,163,163,159
2023-04-28,164,122515800,161,165,157
2023-04-27,160,127015200,153,160,152
2023-04-26,154,153364100,160,161,153
2023-04-25,161,121999300,160,163,159
2023-04-24,163,140006600,165,166,159
2023-04-21,165,123539000,165,166,161
2023-04-20,163,210970800,166,170,161
2023-04-19,181,125732700,179,184,178
2023-04-18,184,92067020,187,188,184
2023-04-17,187,116662200,186,190,183
2023-04-14,185,96438660,184,186,182
2023-04-13,186,112933000,183,187,181
2023-04-12,181,150256300,191,192,180
2023-04-11,187,115770900,187,189,186
2023-04-10,185,142154600,180,185,176
2023-04-06,185,123857900,183,186,180
2023-04-05,186,133882500,191,191,184
2023-04-04,193,126463800,197,199,190
2023-04-03,195,169545900,200,203,192
2023-03-31,207,170222100,198,208,197
2023-03-30,195,110252200,196,197,194
2023-03-29,194,123660000,193,195,189
2023-03-28,189,98654640,192,192,185
2023-03-27,192,120851600,194,197,190
2023-03-24,190,116531600,192,192,187
2023-03-23,192,144193900,195,199,189
2023-03-22,191,150376400,199,201,191
2023-03-21,198,153391400,188,198,188
2023-03-20,183,129684400,178,186,176
2023-03-17,180,133197100,185,186,177
2023-03-16,184,121374500,180,186,179
2023-03-15,180,145995600,181,182,176
2023-03-14,183,143717900,177,184,177
2023-03-13,174,167790300,167,177,164
2023-03-10,173,191488900,175,178,168
2023-03-09,173,170023800,180,185,173
2023-03-08,182,151897800,185,187,180
2023-03-07,188,148125800,191,194,186
2023-03-06,194,128100100,199,199,192
2023-03-03,198,154193300,195,200,193
2023-03-02,191,181979200,187,194,186
2023-03-01,203,156852800,206,207,199
2023-02-28,206,153144900,211,211,204
2023-02-27,208,161028300,202,209,201
2023-02-24,197,142228100,196,198,193
2023-02-23,202,146360000,204,205,196
2023-02-22,201,191828500,198,202,192
2023-02-21,197,180018600,205,210,197
2023-02-17,208,213738500,200,208,198
2023-02-16,202,229586500,211,218,202
2023-02-15,214,182108600,212,215,206
2023-02-14,209,216455700,192,210,189
2023-02-13,195,172475500,194,196,188
2023-02-10,197,204754100,202,206,193
2023-02-09,207,215431400,208,214,205
2023-02-08,201,180673600,196,203,194
2023-02-07,197,186010300,196,198,190
2023-02-06,195,186188100,193,198,190
2023-02-03,190,232662000,184,199,184
2023-02-02,188,217448300,187,197,183
2023-02-01,181,213806300,174,184,170
2023-01-31,173,196813500,165,174,163
2023-01-30,167,230878800,178,180,167
2023-01-27,178,306590600,162,181,161
2023-01-26,160,234815100,160,161,155
2023-01-25,144,192734300,142,146,138
2023-01-24,144,158699100,143,147,141
2023-01-23,144,203119200,136,145,134
2023-01-20,133,138858100,129,134,127
2023-01-19,127,170291900,127,130,124
2023-01-18,129,195680300,137,137,127
2023-01-17,131,186477000,126,132,125
2023-01-13,122,180714100,117,123,116
2023-01-12,124,169400900,123,124,117
2023-01-11,123,183810800,122,126,121
2023-01-10,119,167642500,121,123,115
2023-01-09,120,190284000,119,124,117
2023-01-06,113,220911100,103,114,102
2023-01-05,110,157986300,111,112,107
2023-01-04,114,180389000,109,115,108
2023-01-03,108,231402800,118,119,105
2022-12-30,123,157777300,120,124,120
2022-12-29,122,221923300,120,124,117
2022-12-28,113,221070500,110,116,108
2022-12-27,109,208643400,117,120,109
2022-12-23,123,166989700,126,129,121
2022-12-22,125,210090300,136,137,122
2022-12-21,138,145417400,139,141,136
2022-12-20,138,159563300,146,148,138
2022-12-19,150,139390600,154,155,146
2022-12-16,150,139032200,160,161,150
2022-12-15,158,122334500,153,161,153
2022-12-14,157,140682300,159,162,155
2022-12-13,161,175862700,175,175,157
2022-12-12,168,109794500,176,177,168
2022-12-09,179,104872300,174,183,173
2022-12-08,173,97624490,172,175,169
2022-12-07,174,84213280,175,179,172
2022-12-06,180,92150820,181,184,175
2022-12-05,182,93122670,189,191,181
2022-12-02,195,73645920,192,196,191
2022-12-01,195,80046210,197,199,192
2022-11-30,195,109186400,182,195,181
2022-11-29,181,83357110,185,186,179
2022-11-28,183,93038150,180,189,179
2022-11-25,183,50672740,185,185,181
2022-11-23,183,109536700,174,184,173
2022-11-22,170,78452330,169,171,166
2022-11-21,168,92882710,176,177,168
2022-11-18,180,76048870,185,185,177
2022-11-17,183,64335970,184,186,181
2022-11-16,187,66567600,192,193,186
2022-11-15,194,91293790,196,201,192
2022-11-14,191,92226650,193,196,186
2022-11-11,196,114403600,186,197,183
2022-11-10,191,132703000,190,191,180
2022-11-09,178,127062700,191,196,177
2022-11-08,191,128803400,194,195,187
2022-11-07,197,93916520,209,209,197
2022-11-04,207,98622210,223,224,203
2022-11-03,215,56538850,211,221,210
2022-11-02,215,63070290,226,228,215
2022-11-01,228,62688820,234,237,227
2022-10-31,228,61554340,226,230,222
2022-10-28,229,69152390,225,229,216
2022-10-27,225,61638820,230,234,223
2022-10-26,225,85327080,219,231,218
2022-10-25,222,96507870,210,224,210
2022-10-24,211,100446800,206,214,199
2022-10-21,214,75713750,206,215,204
2022-10-20,207,117798100,208,216,202
2022-10-19,222,66571480,220,223,218
2022-10-18,220,75891910,230,230,217
2022-10-17,219,79428810,210,222,209
2022-10-14,205,94124510,224,226,204
2022-10-13,222,91483050,208,223,206
2022-10-12,217,66860700,215,219,212
2022-10-11,217,77013200,221,226,215
2022-10-10,223,67925020,224,227,218
2022-10-07,223,83916800,234,235,222
2022-10-06,238,69298440,239,245,235
2022-10-05,241,86982670,245,247,233
2022-10-04,249,109578500,251,258,242
2022-10-03,242,98363540,255,255,241
2022-09-30,265,67726600,266,276,262
2022-09-29,268,77620640,283,284,266
2022-09-28,288,54664810,283,289,278
2022-09-27,283,61925190,284,289,278
2022-09-26,276,58076910,272,284,270
2022-09-23,275,63748360,283,285,273
2022-09-22,289,70545410,300,301,286
2022-09-21,301,62555660,308,314,301
2022-09-20,309,61642780,307,313,306
2022-09-19,309,60231160,300,310,298
2022-09-16,303,87087790,300,304,296
2022-09-15,304,64795520,302,309,301
2022-09-14,303,72628650,292,306,292
2022-09-13,292,68229620,293,297,290
2022-09-12,304,48674600,301,305,300
2022-09-09,300,54470850,292,300,291
2022-09-08,289,53713120,281,290,280
2022-09-07,284,50028920,273,284,272
2022-09-06,274,55859980,273,276,266
2022-09-02,270,50890090,281,282,269
2022-09-01,277,54287020,273,278,266
2022-08-31,276,52107340,281,281,272
2022-08-30,278,50541760,288,288,273
2022-08-29,285,41864740,283,288,281
2022-08-26,288,57163950,297,302,287
2022-08-25,296,53230010,302,303,292
2022-08-24,297,57259716,298,304,297
2022-08-23,296,63985056,291,299,288
2022-08-22,290,55843356,292,292,286
2022-08-19,297,61395396,299,300,293
2022-08-18,303,47500535,306,307,302
2022-08-17,304,68765977,303,310,300
2022-08-16,307,88136319,312,315,303
2022-08-15,309,89359179,302,313,301
2022-08-12,300,79657298,289,300,285
2022-08-11,287,70155067,297,298,286
2022-08-10,294,94918869,297,298,283
2022-08-09,283,86244699,290,292,279
2022-08-08,290,99365290,295,305,289
2022-08-05,288,113172911,303,305,286
2022-08-04,309,72256327,311,314,305
2022-08-03,307,80091128,305,310,301
2022-08-02,301,95577490,294,308,293
2022-08-01,297,117042912,301,312,295
2022-07-29,297,95312890,281,298,279
2022-07-28,281,84723008,280,283,273
2022-07-27,275,88110009,264,276,262
2022-07-26,259,66820777,267,267,256
2022-07-25,268,64073526,272,274,267
2022-07-22,272,103472860,276,281,271
2022-07-21,272,142032194,255,273,255
2022-07-20,248,88864089,247,251,243
2022-07-19,246,80890118,245,247,237
2022-07-18,241,82537448,245,251,240
2022-07-15,240,69683017,240,244,237
2022-07-14,238,78557498,235,239,229
2022-07-13,237,97954510,226,242,225
2022-07-12,233,87930969,237,240,228
2022-07-11,234,99509230,252,253,234
2022-07-08,251,101854090,242,255,241
2022-07-07,245,81930698,234,245,232
2022-07-06,232,71853637,231,235,227
2022-07-05,233,84779108,223,233,216
2022-07-01,227,74460457,227,230,222
2022-06-30,224,94600449,225,229,219
2022-06-29,228,82897268,231,231,222
2022-06-28,233,90666519,244,250,232
2022-06-27,245,89178309,249,252,243
2022-06-24,246,95770720,237,246,236
2022-06-23,235,104202700,238,239,229
2022-06-22,236,101527270,235,247,234
2022-06-21,237,122792982,225,244,224
2022-06-17,217,92641779,213,221,213
2022-06-16,213,107390711,223,225,209
2022-06-15,233,119131962,221,236,218
2022-06-14,221,97988800,218,226,212
2022-06-13,216,102767260,223,227,215
2022-06-10,232,98090920,235,240,228
2022-06-09,240,96491320,249,256,239
2022-06-08,242,76210628,240,250,239
2022-06-07,239,72808597,234,240,230
2022-06-06,238,84204518,244,245,234
2022-06-03,235,112393751,243,248,233
2022-06-02,258,93473139,244,264,242
2022-06-01,247,77247968,252,257,244
2022-05-31,253,101914390,258,260,245
2022-05-27,253,89294979,241,253,240
2022-05-26,236,106003361,220,240,218
2022-05-25,220,92139339,208,223,208
2022-05-24,209,89092539,218,218,207
2022-05-23,225,88903659,218,227,213
2022-05-20,221,144973334,238,241,211
2022-05-19,236,90296679,236,245,231
2022-05-18,237,87811809,248,254,234
2022-05-17,254,80236118,249,255,243
2022-05-16,241,86098539,256,257,240
2022-05-13,257,92150739,258,262,251
2022-05-12,243,140312864,234,253,227
2022-05-11,245,97224460,265,270,242
2022-05-10,267,84401648,273,275,258
2022-05-09,262,90810219,279,282,260
2022-05-06,289,72903127,296,296,281
2022-05-05,291,92519199,313,315,286
2022-05-04,318,81643718,301,319,295
2022-05-03,303,63709596,301,308,296
2022-05-02,301,75781388,287,302,283
2022-04-29,290,88133019,301,311,290
2022-04-28,293,124948542,300,300,274
2022-04-27,294,76956398,300,306,292
2022-04-26,292,136133684,332,333,292
2022-04-25,333,68341357,326,336,325
2022-04-22,335,69696577,338,345,331
2022-04-21,336,105416351,358,364,332
2022-04-20,326,70711327,343,345,325
2022-04-19,343,49847825,335,345,332
2022-04-18,335,51715235,330,338,324
2022-04-14,328,58422426,333,338,327
2022-04-13,341,55121226,327,342,324
2022-04-12,329,65976097,333,340,326
2022-04-11,325,59357226,327,336,325
2022-04-08,342,55013706,348,349,341
2022-04-07,352,79447058,351,359,341
2022-04-06,349,89348559,358,360,343
2022-04-05,364,80075018,379,384,362
2022-04-04,382,82177718,363,383,358
2022-04-01,362,54263225,360,365,356
2022-03-31,359,48992765,365,368,359
2022-03-30,365,59865006,364,371,361
2022-03-29,367,73614817,369,372,358
2022-03-28,364,102506080,355,366,351
2022-03-25,337,62031546,336,341,332
2022-03-24,338,68920897,337,341,330
2022-03-23,333,120676152,327,347,325
2022-03-22,331,105868571,310,333,307
2022-03-21,307,81981668,305,314,302
2022-03-18,302,100414210,291,303,289
2022-03-17,291,66582967,277,292,275
2022-03-16,280,84028838,270,281,267
2022-03-15,267,66841147,258,269,252
2022-03-14,255,71152267,260,267,252
2022-03-11,265,67037167,280,281,265
2022-03-10,279,58648656,284,285,270
2022-03-09,286,59183976,280,287,277
2022-03-08,275,80399108,265,283,261
2022-03-07,268,72494167,285,289,268
2022-03-04,279,67179877,283,285,275
2022-03-03,280,61623516,293,295,278
2022-03-02,293,74643457,291,295,281
2022-03-01,288,74766877,290,297,285
2022-02-28,290,99006880,272,292,272
2022-02-25,270,76067768,270,273,261
2022-02-24,267,135322304,233,267,233
2022-02-23,255,95257030,277,278,254
2022-02-22,274,83288198,278,286,267
2022-02-18,286,68501857,295,296,279
2022-02-17,292,55178436,304,306,291
2022-02-16,308,51294395,305,309,300
2022-02-15,307,57649536,300,308,298
2022-02-14,292,67756417,287,300,284
2022-02-11,287,79645868,303,305,284
2022-02-10,302,66126847,303,315,299
2022-02-09,311,52259555,312,315,307
2022-02-08,307,50729015,302,309,298
2022-02-07,302,60994476,308,316,301
2022-02-04,308,73625467,299,312,294
2022-02-03,297,78855578,294,312,294
2022-02-02,302,66793057,309,311,296
2022-02-01,310,73138357,312,315,302
2022-01-31,312,104436100,291,313,287
2022-01-28,282,134788963,277,286,264
2022-01-27,276,147109575,311,312,276
2022-01-26,312,104867290,317,329,302
2022-01-25,306,86595909,305,317,301
2022-01-24,310,152375145,302,311,284
2022-01-21,315,103416040,332,335,314
2022-01-20,332,70488757,337,347,331
2022-01-19,332,75442508,347,352,332
2022-01-18,344,66989407,342,357,339
2022-01-14,350,72924427,340,351,338
2022-01-13,344,97209790,370,372,342
2022-01-12,369,83739038,360,372,358
2022-01-11,355,66063217,351,359,346
2022-01-10,353,91814889,333,353,327
2022-01-07,342,84164768,360,360,337
2022-01-06,355,90336489,359,363,340
2022-01-05,363,80119808,382,390,360
2022-01-04,383,100248280,397,403,374
2022-01-03,400,104686060,383,400,379
2021-12-31,352,40733644,358,361,352
2021-12-30,357,47040935,354,365,351
2021-12-29,362,56154066,366,368,355
2021-12-28,363,60323916,370,373,359
2021-12-27,365,71145817,358,372,357
2021-12-23,356,92713299,336,358,333
2021-12-22,336,93634089,322,339,319
2021-12-21,313,71517937,306,313,295
2021-12-20,300,56480016,304,307,298
2021-12-17,311,100880260,305,320,303
2021-12-16,309,82771448,332,332,307
2021-12-15,325,75169238,318,326,309
2021-12-14,320,70806277,315,322,310
2021-12-13,322,78595508,334,335,317
2021-12-10,339,59664366,336,340,328
2021-12-09,335,59438496,354,354,334
2021-12-08,356,41906374,351,357,344
2021-12-07,351,56084586,348,353,342
2021-12-06,336,81663128,334,341,317
2021-12-03,338,92322009,362,364,333
2021-12-02,362,73114867,366,371,352
2021-12-01,365,68804107,387,391,364
2021-11-30,382,81276128,381,389,373
2021-11-29,379,58393416,367,381,367
2021-11-26,361,35042674,366,370,360
2021-11-24,372,67680727,360,378,354
2021-11-23,370,108515111,389,393,354
2021-11-22,386,99217540,387,401,377
2021-11-19,379,64926786,366,380,364
2021-11-18,365,62696796,369,371,358
2021-11-17,363,94336119,355,373,352
2021-11-16,352,79627088,334,352,334
2021-11-15,338,104326960,339,344,326
2021-11-12,344,76719458,349,352,340
2021-11-11,355,67189717,368,368,352
2021-11-10,356,128408173,337,359,329
2021-11-09,341,177317538,391,392,337
2021-11-08,388,100337170,383,399,378
2021-11-05,407,64886436,409,413,403
2021-11-04,410,76192238,411,414,406
2021-11-03,405,103885570,392,405,384
2021-11-02,391,128213413,386,403,382
2021-11-01,403,168146177,382,403,373
2021-10-29,371,89755269,361,372,358
2021-10-28,359,81639518,356,360,351
2021-10-27,346,115579392,347,357,344
2021-10-26,339,187244929,342,365,334
2021-10-25,342,188556319,317,348,315
2021-10-22,303,68642527,299,303,297
2021-10-21,298,94444359,285,300,285
2021-10-20,289,42096154,288,290,286
2021-10-19,288,52143395,293,293,288
2021-10-18,290,72621727,284,292,284
2021-10-15,281,56773716,275,281,274
2021-10-14,273,36741514,272,273,271
2021-10-13,270,42360244,270,272,269
2021-10-12,269,66060127,267,271,266
2021-10-11,264,42600964,263,267,262
2021-10-08,262,50215805,265,265,260
2021-10-07,265,57587346,262,268,261
2021-10-06,261,43898314,259,262,258
2021-10-05,260,55297896,262,266,258
2021-10-04,261,91450029,266,269,259
2021-10-01,258,51094235,259,260,255
2021-09-30,258,53867885,260,263,258
2021-09-29,260,62828646,260,265,257
2021-09-28,259,76144268,262,265,255
2021-09-27,264,84211988,258,266,256
2021-09-24,258,64119066,249,258,248
2021-09-23,251,35842594,252,253,249
2021-09-22,251,45378815,248,251,246
2021-09-21,246,48992165,245,248,243
2021-09-20,243,74272957,245,247,240
2021-09-17,253,84612548,252,254,250
2021-09-16,252,41770174,251,253,249
2021-09-15,252,46073075,248,252,246
2021-09-14,248,55574646,248,251,245
2021-09-13,248,68857447,247,248,236
2021-09-10,245,45552515,253,254,245
2021-09-09,252,42233194,251,254,251
2021-09-08,251,56379126,254,255,247
2021-09-07,251,60119496,247,253,246
2021-09-03,245,45813155,244,245,241
2021-09-02,244,38390224,245,247,244
2021-09-01,245,39613024,245,247,244
2021-08-31,245,62566326,244,247,242
2021-08-30,244,55812666,238,244,238
2021-08-27,237,41501284,235,238,234
2021-08-26,234,39642874,236,238,233
2021-08-25,237,37936684,236,239,235
2021-08-24,236,39249214,237,238,234
2021-08-23,235,60794586,228,237,227
2021-08-20,227,44525614,228,231,225
2021-08-19,224,42940474,226,229,223
2021-08-18,230,61048146,223,232,223
2021-08-17,222,71163847,224,225,216
2021-08-16,229,69309907,235,237,225
2021-08-13,239,50194415,241,243,238
2021-08-12,241,53045075,235,241,233
2021-08-11,236,29401677,238,238,235
2021-08-10,237,40296934,238,239,234
2021-08-09,238,44146054,237,240,235
2021-08-06,233,46869155,237,239,233
2021-08-05,238,38758924,239,240,237
2021-08-04,237,51007955,237,242,236
2021-08-03,237,64860756,240,241,234
2021-08-02,237,100847320,233,242,233
2021-07-30,229,88969239,224,233,223
2021-07-29,226,91183929,217,228,216
2021-07-28,216,48019805,216,218,213
2021-07-27,215,98439880,221,222,209
2021-07-26,219,76009688,217,223,216
2021-07-23,214,43814824,215,216,212
2021-07-22,216,45317195,219,221,215
2021-07-21,218,41860024,220,222,217
2021-07-20,220,46461395,217,221,214
2021-07-19,215,63891276,210,216,207
2021-07-16,215,49112915,218,219,214
2021-07-15,217,60628716,219,222,213
2021-07-14,218,64923576,224,226,218
2021-07-13,223,62898276,229,231,222
2021-07-12,229,77781128,221,229,221
2021-07-09,219,54421655,218,220,215
2021-07-08,218,68319967,209,218,207
2021-07-07,215,56375886,221,222,213
2021-07-06,220,69853357,227,228,217
2021-07-02,226,81292118,226,233,224
2021-07-01,226,55903566,228,229,224
2021-06-30,227,56774586,227,231,226
2021-06-29,227,52143935,228,229,225
2021-06-28,230,64884486,224,232,223
2021-06-25,224,97490140,230,231,223
2021-06-24,227,137947184,225,233,223
2021-06-23,219,93297699,211,219,210
2021-06-22,208,57476676,206,210,205
2021-06-21,207,74438227,208,210,203
2021-06-18,208,73682737,204,209,204
2021-06-17,206,68104057,201,207,200
2021-06-16,202,66432397,199,203,198
2021-06-15,200,53292455,206,206,199
2021-06-14,206,61271946,204,208,203
2021-06-11,203,48615905,203,204,201
2021-06-10,203,71758837,201,206,200
2021-06-09,200,49753715,201,204,199
2021-06-08,201,78160238,208,208,199
2021-06-07,202,67631047,197,203,194
2021-06-04,200,72110707,193,200,192
2021-06-03,191,90335679,201,202,190
2021-06-02,202,69908347,207,208,200
2021-06-01,208,54254675,209,211,207
2021-05-28,208,68211127,210,212,207
2021-05-27,210,79111778,207,210,205
2021-05-26,206,85917939,203,209,201
2021-05-25,202,84017798,202,205,199
2021-05-24,202,103674280,194,205,191
2021-05-21,194,78091808,199,199,193
2021-05-20,196,92463369,192,196,190
2021-05-19,188,118735212,184,189,182
2021-05-18,193,110491721,189,199,188
2021-05-17,192,96743410,192,197,187
2021-05-14,197,100112590,194,198,190
2021-05-13,191,132554773,201,202,187
2021-05-12,197,101470960,201,207,196
2021-05-11,206,139511714,200,209,199
2021-05-10,210,94177269,222,222,209
2021-05-07,224,70407517,222,230,220
2021-05-06,221,83353868,227,227,217
2021-05-05,224,65705677,227,228,222
2021-05-04,225,89217969,226,228,219
2021-05-03,228,81129428,235,235,227
2021-04-30,236,122276172,223,238,222
2021-04-29,226,86536359,233,234,223
2021-04-28,231,66813157,232,236,231
2021-04-27,235,88311009,239,241,234
2021-04-26,246,93115509,247,250,244
2021-04-23,243,85241679,240,246,238
2021-04-22,240,106770791,247,251,239
2021-04-21,248,93646539,235,248,233
2021-04-20,240,106827131,239,246,237
2021-04-19,238,119058702,240,242,231
2021-04-16,247,83938598,243,250,242
2021-04-15,246,83546708,248,248,240
2021-04-14,244,147052305,257,260,243
2021-04-13,254,133958443,238,254,237
2021-04-12,234,87407019,229,235,227
2021-04-09,226,64311276,226,227,223
2021-04-08,228,71772997,226,230,224
2021-04-07,224,78928298,229,230,223
2021-04-06,231,84815528,230,232,227
2021-04-05,230,125528323,236,236,228
2021-04-01,221,105895151,229,231,220
2021-03-31,223,100011880,216,224,214
2021-03-30,212,118297092,201,213,197
2021-03-29,204,85910979,205,205,199
2021-03-26,206,101558500,214,215,200
2021-03-25,213,117674562,204,215,203
2021-03-24,210,101385520,223,223,210
2021-03-23,221,91475619,225,226,219
2021-03-22,223,118536672,228,233,223
2021-03-19,218,128681953,216,219,208
2021-03-18,218,100107070,228,230,217
2021-03-17,234,121117362,219,235,217
2021-03-16,226,96587020,234,236,224
2021-03-15,236,88270449,231,238,228
2021-03-12,231,100751530,223,232,222
2021-03-11,233,108761681,233,234,226
2021-03-10,223,181817028,233,239,218
2021-03-09,225,202570010,203,226,198
2021-03-08,188,155360896,200,207,186
2021-03-05,199,268189407,209,209,180
2021-03-04,207,197758610,219,291,200
2021-03-03,218,90623889,229,234,217
2021-03-02,229,71196487,239,240,228
2021-03-01,239,81408728,230,291,228
2021-02-26,225,123267522,233,236,220
2021-02-25,227,117071592,242,246,224
2021-02-24,247,110300861,237,248,231
2021-02-23,233,199820660,221,238,206
2021-02-22,238,111809171,254,256,237
2021-02-19,260,56874786,265,266,259
2021-02-18,262,53871185,260,265,259
2021-02-17,266,78236708,260,267,254
2021-02-16,265,59406966,273,274,264
2021-02-12,272,71304937,267,272,262
2021-02-11,271,64868256,271,277,267
2021-02-10,268,108648281,281,282,267
2021-02-09,283,45472955,285,287,281
2021-02-08,288,60485166,290,293,285
2021-02-05,284,55699926,282,288,280
2021-02-04,283,47437985,285,286,278
2021-02-03,285,55030536,292,293,284
2021-02-02,291,73038637,282,294,281
2021-02-01,280,76174178,271,281,265
2021-01-29,265,104972260,277,281,260
2021-01-28,278,79134158,273,283,267
2021-01-27,288,82001888,290,297,286
2021-01-26,294,69394807,297,299,291
2021-01-25,294,123520212,285,300,280
2021-01-22,282,60199506,278,283,276
2021-01-21,282,61794396,285,285,280
2021-01-20,283,76997648,286,287,279
2021-01-19,282,76100948,279,283,278
2021-01-15,275,116332812,284,287,273
2021-01-14,282,93798999,281,288,280
2021-01-13,285,99937510,284,287,277
2021-01-12,283,138812174,277,289,276
2021-01-11,270,178662468,283,285,268
2021-01-08,293,225166613,285,295,279
2021-01-07,272,154496865,259,272,258
2021-01-06,252,134099923,253,258,250
2021-01-05,245,96735520,241,247,240
2021-01-04,243,145914585,240,248,239
2020-12-31,235,148949805,233,240,230
2020-12-30,232,128538073,224,232,223
2020-12-29,222,68732437,220,223,218
2020-12-28,221,96835690,225,227,220
2020-12-24,221,68596717,214,222,214
2020-12-23,215,99518920,211,217,208
2020-12-22,213,155584936,216,217,205
2020-12-21,217,174135797,222,223,215
2020-12-18,232,666378667,223,232,210
2020-12-17,219,168810437,209,220,207
2020-12-16,208,126287443,209,211,202
2020-12-15,211,135670694,214,216,208
2020-12-14,213,156121966,206,214,203
2020-12-11,203,139424924,205,208,199
2020-12-10,209,201249470,191,209,189
2020-12-09,201,213873591,218,218,196
2020-12-08,217,192795109,209,217,206
2020-12-07,214,168929147,202,216,201
2020-12-04,200,88203939,197,200,195
2020-12-03,198,127656013,197,200,194
2020-12-02,190,143326964,185,191,180
2020-12-01,195,121148502,199,199,191
2020-11-30,189,189009169,201,203,185
2020-11-27,195,112683251,194,200,193
2020-11-25,191,146790495,183,191,182
2020-11-24,185,160945486,180,187,175
2020-11-23,174,150780915,168,175,167
2020-11-20,163,98735770,166,168,163
2020-11-19,166,187426069,164,170,163
2020-11-18,162,234132083,149,165,148
2020-11-17,147,183564858,153,154,144
2020-11-16,136,80515928,136,137,135
2020-11-13,136,59491056,137,138,134
2020-11-12,137,59821506,138,141,137
2020-11-11,139,52073165,139,140,137
2020-11-10,137,90852669,140,140,132
2020-11-09,140,104499100,147,151,140
2020-11-06,143,65118037,145,146,141
2020-11-05,146,85243569,143,147,141
2020-11-04,140,96429190,144,145,139
2020-11-03,141,103055170,137,143,136
2020-11-02,134,87063369,131,136,131
2020-10-30,129,127762933,136,136,126
2020-10-29,137,67965937,137,139,135
2020-10-28,135,76354238,139,140,135
2020-10-27,142,68059537,141,144,140
2020-10-26,140,84717488,137,142,137
2020-10-23,140,101150950,141,141,136
2020-10-22,142,119979582,147,148,142
2020-10-21,141,97111390,141,144,140
2020-10-20,141,94968879,144,144,140
2020-10-19,144,108863531,149,149,143
2020-10-16,147,98327650,151,152,146
2020-10-15,150,107017061,150,152,148
2020-10-14,154,144136184,150,155,149
2020-10-13,149,103391020,148,150,146
2020-10-12,147,116373402,147,150,146
2020-10-09,145,86776989,143,145,142
2020-10-08,142,121263372,146,146,142
2020-10-07,142,129383143,140,143,138
2020-10-06,138,147438795,141,143,135
2020-10-05,142,134168383,141,145,140
2020-10-02,138,214290111,140,146,138
2020-10-01,149,152224365,147,150,145
2020-09-30,143,144436724,140,145,140
2020-09-29,140,151024215,139,143,137
2020-09-28,140,149158695,142,143,139
2020-09-25,136,201625400,131,136,130
2020-09-24,129,289683209,121,133,117
2020-09-23,127,285222569,135,137,125
2020-09-22,141,238742424,143,146,139
2020-09-21,150,328430433,151,152,136
2020-09-18,147,259220486,149,150,143
2020-09-17,141,230337503,139,146,136
2020-09-16,147,217640302,147,153,145
2020-09-15,150,291894719,146,154,144
2020-09-14,140,249061855,127,140,124
2020-09-11,124,182152398,127,128,120
2020-09-10,124,254791855,129,133,120
2020-09-09,122,238397334,119,123,114
2020-09-08,110,346397135,119,123,110
2020-09-04,139,330965733,134,143,124
2020-09-03,136,262788296,136,144,134
2020-09-02,149,288528419,160,160,135
2020-09-01,158,270358287,167,167,157
2020-08-31,166,355123236,148,167,147
2020-08-28,148,301217549,153,155,146
2020-08-27,149,355395422,145,153,143
2020-08-26,144,213590593,137,144,137
2020-08-25,135,159883270,132,135,131
2020-08-24,134,300954150,142,142,129
2020-08-21,137,322343239,136,140,135
2020-08-20,133,309176845,124,135,124
2020-08-19,125,183079858,124,127,123
2020-08-18,126,247117226,127,128,123
2020-08-17,122,303634648,112,123,112
2020-08-14,110,188664056,111,111,108
2020-08-13,108,306379497,107,110,104
2020-08-12,104,328482286,98,106,96
2020-08-11,92,129387445,93,95,91
2020-08-10,95,112833904,97,97,92
2020-08-07,97,133446233,100,100,94
2020-08-06,99,89884650,99,101,98
2020-08-05,99,74670188,100,100,98
2020-08-04,99,126224787,100,102,97
2020-08-03,99,132140124,97,101,96
2020-07-31,95,183704308,101,101,95
2020-07-30,99,114315528,99,101,98
2020-07-29,100,141403324,100,102,99
2020-07-28,98,237130381,100,104,98
2020-07-27,103,240729930,96,103,94
2020-07-24,94,290949155,94,98,91
2020-07-23,101,364927318,112,113,99
2020-07-22,106,212416094,107,108,104
2020-07-21,105,242359079,109,112,104
2020-07-20,110,256820422,101,110,99
2020-07-17,100,139949510,101,103,99
2020-07-16,100,214511743,98,102,98
2020-07-15,103,245517327,103,103,97
2020-07-14,101,351271924,104,106,95
2020-07-13,100,584780108,111,120,98
2020-07-10,103,350063075,93,103,92
2020-07-09,93,175763912,93,94,90
2020-07-08,91,244669528,94,94,87
2020-07-07,93,322344739,94,95,89
2020-07-06,91,308547746,85,92,84
2020-07-02,81,258751671,81,82,79
2020-07-01,75,199903400,72,76,72
2020-06-30,72,253777373,67,73,67
2020-06-29,67,135395992,65,67,63
2020-06-26,64,132823554,66,66,64
2020-06-25,66,138818166,64,66,62
2020-06-24,64,164393768,66,67,64
2020-06-23,67,95479017,67,67,66
2020-06-22,66,95435202,67,67,66
2020-06-19,67,130196170,68,68,66
2020-06-18,67,146278967,67,68,66
2020-06-17,66,148361926,66,67,66
2020-06-16,65,210766095,67,68,64
2020-06-15,66,235457582,61,67,61
2020-06-12,62,251450424,65,66,61
2020-06-11,65,238747081,66,68,65
2020-06-10,68,278451011,66,68,66
2020-06-09,63,170822165,63,64,62
2020-06-08,63,212620844,61,63,61
2020-06-05,59,117178696,59,59,58
2020-06-04,58,133315628,59,60,57
2020-06-03,59,119241975,59,60,59
2020-06-02,59,203483898,60,61,58
2020-06-01,60,226279387,57,60,57
2020-05-29,56,177187261,54,56,54
2020-05-28,54,109136555,54,55,53
2020-05-27,55,173242863,55,55,52
2020-05-26,55,121345979,56,56,54
2020-05-22,54,149812050,55,55,54
2020-05-21,55,183818608,54,56,53
2020-05-20,54,109639010,55,55,54
2020-05-19,54,144547758,54,55,54
2020-05-18,54,175471412,55,56,54
2020-05-15,53,157776371,53,54,52
2020-05-14,54,205232747,52,54,51
2020-05-13,53,285982207,55,55,51
2020-05-12,54,238603531,55,56,54
2020-05-11,54,247793876,53,55,52
2020-05-08,55,241951229,53,55,52
2020-05-07,52,172915264,52,53,51
2020-05-06,52,166848367,52,53,51
2020-05-05,51,254874773,53,53,51
2020-05-04,51,288556206,47,51,47
2020-05-01,47,487976906,50,52,46
2020-04-30,52,427077536,57,58,51
2020-04-29,53,243239578,53,54,52
2020-04-28,51,228329286,53,54,50
2020-04-27,53,310221445,49,53,49
2020-04-24,48,198564051,47,49,47
2020-04-23,47,198550401,49,49,47
2020-04-22,49,213372343,47,49,46
2020-04-21,46,303136198,49,50,45
2020-04-20,50,221195439,49,51,47
2020-04-17,50,196923352,51,52,50
2020-04-16,50,309867745,48,51,47
2020-04-15,49,353654823,49,50,47
2020-04-14,47,458647421,47,49,46
2020-04-13,43,337131131,39,43,39
2020-04-09,38,204749898,37,38,37
2020-04-08,37,189840205,37,37,36
2020-04-07,36,268796566,36,38,35
2020-04-06,34,223527488,34,35,33
2020-04-03,32,338431031,34,34,31
2020-04-02,30,297876301,32,33,30
2020-04-01,32,200297600,34,34,32
2020-03-31,35,266572217,33,36,33
2020-03-30,33,179970960,34,34,33
2020-03-27,34,215661042,34,35,33
2020-03-26,35,261331069,36,37,34
2020-03-25,36,318341091,36,37,34
2020-03-24,34,343427378,32,34,32
2020-03-23,29,246818127,29,29,27
2020-03-20,29,424282288,29,32,28
2020-03-19,29,452931674,25,30,24
2020-03-18,24,356792222,26,27,23
2020-03-17,29,359918520,29,31,26
2020-03-16,30,307341746,31,33,29
2020-03-13,36,339603580,40,41,33
2020-03-12,37,283635608,39,40,36
2020-03-11,42,201203749,43,44,41
2020-03-10,43,233916483,44,45,41
2020-03-09,41,256105972,40,44,40
2020-03-06,47,189943705,46,47,46
2020-03-05,48,162789819,48,50,48
2020-03-04,50,225734587,51,51,48
2020-03-03,50,386759807,54,54,48
2020-03-02,50,302924699,47,50,46
2020-02-28,45,368462366,42,46,41
2020-02-27,45,364157218,49,49,45
2020-02-26,52,212307494,52,54,52
2020-02-25,53,259357070,57,57,52
2020-02-24,56,227882286,56,58,55
2020-02-21,60,215091642,60,61,59
2020-02-20,60,264523218,61,61,57
2020-02-19,61,381344209,62,63,60
2020-02-18,57,250475425,56,57,55
2020-02-14,53,235405532,52,54,52
2020-02-13,54,394340053,49,55,49
2020-02-12,51,180336960,52,53,51
2020-02-11,52,175461962,51,52,51
2020-02-10,51,370337215,53,55,50
2020-02-07,50,255952672,49,51,49
2020-02-06,50,598210951,47,53,46
2020-02-05,49,726357237,55,56,47
2020-02-04,59,914080943,59,65,56
2020-02-03,52,708502146,45,52,45
2020-01-31,43,235788932,43,44,42
2020-01-30,43,435084982,42,43,41
2020-01-29,39,273249913,38,39,38
2020-01-28,38,176827262,38,38,37
2020-01-27,37,204120948,36,38,36
2020-01-24,38,215303892,38,38,37
2020-01-23,38,294765453,38,39,37
2020-01-22,38,470535215,38,40,37
2020-01-21,36,267051916,35,37,35
2020-01-17,34,204435948,34,34,34
2020-01-16,34,326049587,33,34,33
2020-01-15,35,260532320,35,36,34
2020-01-14,36,435920482,36,36,35
2020-01-13,35,399518050,33,35,33
2020-01-10,32,194652353,32,32,32
2020-01-09,32,426947637,33,33,32
2020-01-08,33,467990616,32,33,31
2020-01-07,31,273136963,31,31,30
2020-01-06,30,152362424,29,30,29
2020-01-03,30,266920367,29,30,29
2020-01-02,29,143375718,28,29,28
2019-12-31,28,154386823,27,28,27
2019-12-30,28,189018955,29,29,27
2019-12-27,29,149352330,29,29,28
2019-12-26,29,159724270,29,29,28
2019-12-24,28,120820740,28,28,28
2019-12-23,28,199992200,27,28,27
2019-12-20,27,221778039,27,28,27
2019-12-19,27,271804514,26,27,26
2019-12-18,26,212045744,25,26,25
2019-12-17,25,127556561,25,26,25
2019-12-16,25,273313963,24,26,24
2019-12-13,24,98614166,24,24,24
2019-12-12,24,116643107,24,24,24
2019-12-11,24,103787378,23,24,23
2019-12-10,23,132599199,23,23,23
2019-12-09,23,135603187,22,23,22
2019-12-06,22,114283998,22,23,22
2019-12-05,22,56054612,22,22,22
2019-12-04,22,83043783,23,23,22
2019-12-03,22,99202090,22,23,22
2019-12-02,22,91229744,22,22,22
2019-11-29,22,36984417,22,22,22
2019-11-27,22,83451843,22,22,22
2019-11-26,22,119343525,22,22,22
2019-11-25,22,185186457,23,23,22
2019-11-22,22,253059473,23,23,22
2019-11-21,24,91650149,24,24,24
2019-11-20,23,101009424,24,24,23
2019-11-19,24,116041112,23,24,23
2019-11-18,23,66127542,24,24,23
2019-11-15,23,72188409,23,24,23
2019-11-14,23,97075496,23,24,23
2019-11-13,23,127017881,24,24,23
2019-11-12,23,110390690,23,23,23
2019-11-11,23,149905260,23,23,23
2019-11-08,22,91113269,22,22,22
2019-11-07,22,217010141,22,23,22
2019-11-06,22,119113920,21,22,21
2019-11-05,21,104151203,21,22,21
2019-11-04,21,131805534,21,21,21
2019-11-01,21,95758887,21,21,21
2019-10-31,21,76004302,21,21,21
2019-10-30,21,144627078,21,21,21
2019-10-29,21,190263955,21,22,21
2019-10-28,22,283054208,22,23,22
2019-10-25,22,450091125,20,22,20
2019-10-24,20,447288226,20,20,19
2019-10-23,17,168242616,17,17,17
2019-10-22,17,69376390,17,17,17
2019-10-21,17,76621477,17,17,17
2019-10-18,17,86304947,17,18,17
2019-10-17,17,71685609,18,18,17
2019-10-16,17,100564495,17,17,17
2019-10-15,17,97191791,17,17,17
2019-10-14,17,153402823,17,17,16
2019-10-11,17,127322321,16,17,16
2019-10-10,16,94701208,16,17,16
2019-10-09,16,104025443,16,16,16
2019-10-08,16,130535005,16,16,16
2019-10-07,16,121304294,15,16,15
2019-10-04,15,120317640,15,16,15
2019-10-03,16,227066286,15,16,15
2019-10-02,16,93848173,16,16,16
2019-10-01,16,92944304,16,16,16
2019-09-30,16,89192370,16,16,16
2019-09-27,16,166847617,16,17,16
2019-09-26,16,181181759,15,16,15
2019-09-25,15,141664219,15,15,15
2019-09-24,15,194116553,16,16,15
2019-09-23,16,65874417,16,16,16
2019-09-20,16,97593911,16,16,16
2019-09-19,16,73246988,16,17,16
2019-09-18,16,63421513,16,17,16
2019-09-17,16,59203605,16,16,16
2019-09-16,16,70921405,16,16,16
2019-09-13,16,79697135,16,17,16
2019-09-12,16,128718086,17,17,16
2019-09-11,16,150641625,16,17,16
2019-09-10,16,73255673,15,16,15
2019-09-09,15,72039999,15,16,15
2019-09-06,15,62840549,15,15,15
2019-09-05,15,111049774,15,15,15
2019-09-04,15,86530397,15,15,15
2019-09-03,15,80408150,15,15,15
2019-08-30,15,139916555,15,15,15
2019-08-29,15,77746521,15,15,15
2019-08-28,14,48579351,14,14,14
2019-08-27,14,81310864,14,15,14
2019-08-26,14,75816172,14,14,14
2019-08-23,14,128395496,15,15,14
2019-08-22,15,98474411,15,15,15
2019-08-21,15,116996102,15,15,15
2019-08-20,15,62557874,15,15,15
2019-08-19,15,79676180,15,15,15
2019-08-16,15,78110601,14,15,14
2019-08-15,14,123479218,15,15,14
2019-08-14,15,143438793,15,15,14
2019-08-13,16,73034933,15,16,15
2019-08-12,15,69959020,16,16,15
2019-08-09,16,58473631,16,16,16
2019-08-08,16,79115195,16,16,16
2019-08-07,16,71647464,15,16,15
2019-08-06,15,83462958,15,16,15
2019-08-05,15,105424132,15,15,15
2019-08-02,16,92047169,15,16,15
2019-08-01,16,123892678,16,16,15
2019-07-31,16,137673051,16,16,16
2019-07-30,16,121635149,16,16,15
2019-07-29,16,139099895,15,16,15
2019-07-26,15,150415425,15,15,15
2019-07-25,15,336273582,16,16,15
2019-07-24,18,166092517,17,18,17
2019-07-23,17,75346777,17,17,17
2019-07-22,17,102694044,17,17,17
2019-07-19,17,105726097,17,17,17
2019-07-18,17,71467209,17,17,17
2019-07-17,17,146470832,17,17,17
2019-07-16,17,122234774,17,17,17
2019-07-15,17,165001267,17,17,16
2019-07-12,16,138007746,16,16,16
2019-07-11,16,112716394,16,16,16
2019-07-10,16,137185971,16,16,16
2019-07-09,15,92862479,15,15,15
2019-07-08,15,88208086,15,15,15
2019-07-05,16,105986017,16,16,15
2019-07-03,16,213017143,16,16,16
2019-07-02,15,138885336,15,15,15
2019-07-01,15,123569398,15,16,15
2019-06-28,15,102770709,15,15,15
2019-06-27,15,95095602,15,15,14
2019-06-26,15,127608056,15,15,15
2019-06-25,15,92731019,15,15,15
2019-06-24,15,86261522,15,15,15
2019-06-21,15,123031108,14,15,14
2019-06-20,15,177951811,15,15,14
2019-06-19,15,98626976,15,15,15
2019-06-18,15,190736755,15,16,15
2019-06-17,15,184751908,14,15,14
2019-06-14,14,111500974,14,14,14
2019-06-13,14,122523839,14,14,14
2019-06-12,14,227962986,15,15,14
2019-06-11,14,174803013,15,15,14
2019-06-10,14,158775521,14,14,14
2019-06-07,14,240052830,14,14,14
2019-06-06,14,303632098,14,14,13
2019-06-05,13,202661299,13,13,13
2019-06-04,13,207112696,12,13,12
2019-06-03,12,195966052,12,12,12
2019-05-31,12,156100872,12,13,12
2019-05-30,13,118897066,13,13,12
2019-05-29,13,179529510,12,13,12
2019-05-28,13,154693423,13,13,13
2019-05-24,13,212048444,13,13,13
2019-05-23,13,398206901,13,13,12
2019-05-22,13,280277710,13,14,13
2019-05-21,14,270058365,13,14,13
2019-05-20,14,307892846,14,14,13
2019-05-17,14,266799917,15,15,14
2019-05-16,15,112249039,15,15,15
2019-05-15,15,109439585,15,15,15
2019-05-14,15,108786126,15,16,15
2019-05-13,15,162521919,15,15,15
2019-05-10,16,105124987,16,16,16
2019-05-09,16,100670680,16,16,16
2019-05-08,16,92646554,16,17,16
2019-05-07,16,151971074,17,17,16
2019-05-06,17,162509019,17,17,17
2019-05-03,17,355601372,16,17,16
2019-05-02,16,272389964,16,16,16
2019-05-01,16,160565170,16,16,15
2019-04-30,16,141704404,16,16,16
2019-04-29,16,250299175,16,16,15
2019-04-26,16,332267234,16,16,15
2019-04-25,17,327350536,17,17,16
2019-04-24,17,144855843,18,18,17
2019-04-23,18,163640168,17,18,17
2019-04-22,18,181525259,18,18,17
2019-04-18,18,87922126,18,18,18
2019-04-17,18,76770127,18,18,18
2019-04-16,18,108997506,18,18,18
2019-04-15,18,150487275,18,18,17
2019-04-12,18,101030739,18,18,18
2019-04-11,18,146719337,18,18,18
2019-04-10,18,105675457,18,19,18
2019-04-09,18,88398661,18,18,18
2019-04-08,18,155468922,19,19,18
2019-04-05,18,195341002,18,18,18
2019-04-04,18,355202372,17,18,17
2019-04-03,19,118749691,19,20,19
2019-04-02,19,81407719,19,19,19
2019-04-01,19,121396949,19,19,19
2019-03-29,19,89705280,19,19,18
2019-03-28,19,101473764,18,19,18
2019-03-27,18,131285694,18,18,18
2019-03-26,18,110127965,18,18,18
2019-03-25,17,153076123,17,18,17
2019-03-22,18,130829185,18,18,18
2019-03-21,18,88963831,18,18,18
2019-03-20,18,103229588,18,18,18
2019-03-19,18,176614862,18,18,18
2019-03-18,18,153974323,18,19,18
2019-03-15,18,221360289,19,19,18
2019-03-14,19,105722017,19,20,19
2019-03-13,19,102267759,19,19,19
2019-03-12,19,112320499,19,19,19
2019-03-11,19,110584415,19,19,19
2019-03-08,19,132086514,18,19,18
2019-03-07,18,141160384,19,19,18
2019-03-06,18,154790473,18,19,18
2019-03-05,18,280946860,19,19,18
2019-03-04,19,256033222,20,20,19
2019-03-01,20,342731079,20,20,19
2019-02-28,21,144993288,21,21,21
2019-02-27,21,167161416,20,21,20
2019-02-26,20,128574071,19,20,19
2019-02-25,20,93205468,20,20,20
2019-02-22,20,85970657,20,20,19
2019-02-21,19,133212383,20,20,19
2019-02-20,20,106994482,20,20,20
2019-02-19,20,61807769,20,21,20
2019-02-15,21,58437196,20,21,20
2019-02-14,20,77863266,20,20,20
2019-02-13,21,76955932,21,21,20
2019-02-12,21,82281244,21,21,21
2019-02-11,21,106710127,21,21,21
2019-02-08,20,87526126,20,20,20
2019-02-07,21,97677401,21,21,20
2019-02-06,21,75470482,21,22,21
2019-02-05,21,101021034,21,21,21
2019-02-04,21,110161085,21,21,20
2019-02-01,21,108954216,20,21,20
2019-01-31,20,188177756,20,21,20
2019-01-30,21,158910521,20,21,20
2019-01-29,20,69043960,20,20,19
2019-01-28,20,96142107,20,20,19
2019-01-25,20,106541662,20,20,19
2019-01-24,19,119863605,19,20,19
2019-01-23,19,187696106,20,20,19
2019-01-22,20,180781860,20,21,20
2019-01-18,20,361188719,22,22,20
2019-01-17,23,54917403,23,23,23
2019-01-16,23,70158370,23,23,23
2019-01-15,23,90718305,22,23,22
2019-01-14,22,78490311,23,23,22
2019-01-11,23,75526132,23,23,23
2019-01-10,23,90744270,22,23,22
2019-01-09,23,81399229,22,23,22
2019-01-08,22,104916353,23,23,22
2019-01-07,22,113135013,21,22,21
2019-01-04,21,110741270,20,21,20
2019-01-03,20,104228603,20,21,20
2019-01-02,21,174168963,20,21,20
2018-12-31,22,94414423,23,23,22
2018-12-28,22,148781581,22,22,21
2018-12-27,21,128510711,21,21,20
2018-12-26,22,122146469,20,22,20
2018-12-24,20,83398653,21,21,20
2018-12-21,21,119958225,21,22,21
2018-12-20,21,135740767,22,22,21
2018-12-19,22,123845548,23,23,22
2018-12-18,22,106273252,23,23,22
2018-12-17,23,114972423,24,24,23
2018-12-14,24,94914328,25,25,24
2018-12-13,25,110222465,25,25,24
2018-12-12,24,75295837,25,25,24
2018-12-11,24,94477033,25,25,24
2018-12-10,24,98630066,24,24,24
2018-12-07,24,172265164,25,25,24
2018-12-06,24,117430276,24,24,23
2018-12-04,24,126453132,24,25,23
2018-12-03,24,124437583,24,24,23
2018-11-30,23,84316518,23,23,23
2018-11-29,23,46140367,23,23,23
2018-11-28,23,61710539,23,23,23
2018-11-27,23,95205012,23,23,22
2018-11-26,23,119596725,22,23,22
2018-11-23,22,63039598,22,23,22
2018-11-21,23,70160800,23,24,22
2018-11-20,23,119868735,23,23,22
2018-11-19,24,145478312,24,24,24
2018-11-16,24,107916816,23,24,23
2018-11-15,23,69001915,23,23,23
2018-11-14,23,75481207,23,23,22
2018-11-13,23,81341299,22,23,22
2018-11-12,22,103754423,23,23,22
2018-11-09,23,76401802,23,24,23
2018-11-08,23,106202992,23,24,23
2018-11-07,23,110500535,23,23,23
2018-11-06,23,101278899,23,23,22
2018-11-05,23,117312616,23,23,22
2018-11-02,23,116998742,23,23,23
2018-11-01,23,119714130,23,23,22
2018-10-31,22,114012543,22,23,22
2018-10-30,22,136636732,22,23,21
2018-10-29,22,216827142,22,23,22
2018-10-26,22,410703095,21,23,20
2018-10-25,21,311574894,21,21,20
2018-10-24,19,290256605,20,20,19
2018-10-23,20,284343008,18,20,17
2018-10-22,17,83922783,17,17,17
2018-10-19,17,140171390,18,18,17
2018-10-18,18,81028024,18,18,18
2018-10-17,18,129554170,19,19,18
2018-10-16,18,142516729,18,18,17
2018-10-15,17,92835344,17,18,17
2018-10-12,17,107838801,17,17,17
2018-10-11,17,121922699,17,17,17
2018-10-10,17,191723304,18,18,17
2018-10-09,18,180566610,17,18,17
2018-10-08,17,200567600,18,18,17
2018-10-05,17,268510516,18,18,17
2018-10-04,19,144583203,20,20,19
2018-10-03,20,119734020,20,20,19
2018-10-02,20,175495262,21,21,20
2018-10-01,21,325712987,20,21,20
2018-09-28,18,503959098,18,19,17
2018-09-27,21,110066345,21,21,20
2018-09-26,21,117537886,20,21,20
2018-09-25,20,67084271,20,20,20
2018-09-24,20,72515724,20,20,20
2018-09-21,20,75577417,20,20,20
2018-09-20,20,109987100,20,20,20
2018-09-19,20,123965233,19,20,19
2018-09-18,19,247414076,20,20,18
2018-09-17,20,102993069,19,20,19
2018-09-14,20,101364729,19,20,19
2018-09-13,19,94999168,19,20,19
2018-09-12,19,150032175,19,20,19
2018-09-11,19,137415846,19,19,18
2018-09-10,19,213483643,18,19,18
2018-09-07,18,336634482,17,18,17
2018-09-06,19,112091284,19,19,19
2018-09-05,19,115610072,19,19,18
2018-09-04,19,124568503,20,20,19
2018-08-31,20,80505680,20,20,20
2018-08-30,20,108159321,20,20,20
2018-08-29,20,111158014,21,21,20
2018-08-28,21,114591738,21,21,21
2018-08-27,21,195939652,21,21,21
2018-08-24,22,53890983,21,22,21
2018-08-23,21,77080236,21,22,21
2018-08-22,21,89037750,21,22,21
2018-08-21,21,197216451,21,22,21
2018-08-20,21,260706320,19,21,19
2018-08-17,20,283438058,22,22,20
2018-08-16,22,90680835,23,23,22
2018-08-15,23,136095427,23,23,22
2018-08-14,23,104227613,24,24,23
2018-08-13,24,156673722,24,24,23
2018-08-10,24,172957564,24,24,23
2018-08-09,23,254276873,24,24,23
2018-08-08,25,368031116,25,26,24
2018-08-07,25,458945771,23,26,23
2018-08-06,23,128051426,23,24,23
2018-08-03,23,204699498,23,24,23
2018-08-02,23,347387226,22,23,22
2018-08-01,20,131521419,20,20,20
2018-07-31,20,75826372,19,20,19
2018-07-30,19,101993664,20,20,19
2018-07-27,20,85420307,20,21,20
2018-07-26,20,69293470,20,21,20
2018-07-25,21,105470677,20,21,20
2018-07-24,20,143792718,20,21,20
2018-07-23,20,164622218,20,20,20
2018-07-20,21,77397426,21,22,21
2018-07-19,21,88606696,21,22,21
2018-07-18,22,84151233,22,22,21
2018-07-17,22,104816678,21,22,21
2018-07-16,21,117006751,21,21,20
2018-07-13,21,88001596,21,21,21
2018-07-12,21,85677722,21,22,21
2018-07-11,21,73178888,21,21,21
2018-07-10,21,141563284,22,22,21
2018-07-09,21,113693058,21,21,21
2018-07-06,21,132902904,20,21,20
2018-07-05,21,261863419,21,21,20
2018-07-03,21,184239508,22,22,21
2018-07-02,22,280990510,24,24,22
2018-06-29,23,97138496,24,24,23
2018-06-28,23,125822517,23,24,23
2018-06-27,23,124707193,23,23,23
2018-06-26,23,111521179,22,23,22
2018-06-25,22,103876283,22,23,22
2018-06-22,22,153806473,23,23,22
2018-06-21,23,119247630,24,24,23
2018-06-20,24,125553957,24,24,23
2018-06-19,24,191022504,24,25,23
2018-06-18,25,180381660,24,25,24
2018-06-15,24,162413319,24,24,23
2018-06-14,24,164417168,23,24,23
2018-06-13,23,141021934,23,23,23
2018-06-12,23,333846283,23,24,23
2018-06-11,22,197490651,22,22,22
2018-06-08,21,122882564,21,22,21
2018-06-07,21,215041542,21,22,21
2018-06-06,21,281135859,20,21,20
2018-06-05,19,88168051,20,20,19
2018-06-04,20,71906769,20,20,20
2018-06-01,19,81269719,19,19,19
2018-05-31,19,88692331,19,19,19
2018-05-30,19,112103794,19,20,19
2018-05-29,19,84857253,19,19,18
2018-05-25,19,58089286,19,19,18
2018-05-24,19,62561804,19,19,18
2018-05-23,19,89583510,19,19,18
2018-05-22,18,134077448,19,19,18
2018-05-21,19,137517591,19,19,19
2018-05-18,18,108655431,19,19,18
2018-05-17,19,66273837,19,19,19
2018-05-16,19,85044617,19,19,19
2018-05-15,19,142646224,19,19,19
2018-05-14,19,108982461,20,20,19
2018-05-11,20,69979780,21,21,20
2018-05-10,20,84641523,21,21,20
2018-05-09,20,85683782,20,20,20
2018-05-08,20,88911661,20,21,20
2018-05-07,20,130096285,20,20,20
2018-05-04,20,128482526,19,20,19
2018-05-03,19,260086220,19,19,18
2018-05-02,20,125192577,20,20,20
2018-05-01,20,69224155,20,20,20
2018-04-30,20,63360988,20,20,20
2018-04-27,20,65202777,19,20,19
2018-04-26,19,65221587,19,19,18
2018-04-25,19,60006285,19,19,18
2018-04-24,19,85173587,19,19,19
2018-04-23,19,73211108,19,19,19
2018-04-20,19,84339408,20,20,19
2018-04-19,20,91256954,19,20,19
2018-04-18,20,97973396,19,20,19
2018-04-17,19,103967228,19,19,19
2018-04-16,19,94342408,20,20,19
2018-04-13,20,109788320,20,20,20
2018-04-12,20,113932818,20,20,20
2018-04-11,20,112053004,20,21,20
2018-04-10,20,165255067,20,20,20
2018-04-09,19,153621073,20,21,19
2018-04-06,20,202747849,20,21,20
2018-04-05,20,285387757,19,20,19
2018-04-04,19,298202551,17,19,17
2018-04-03,18,282444609,18,18,17
2018-04-02,17,241399229,17,17,16
2018-03-29,18,225216487,17,18,17
2018-03-28,17,314434043,18,18,17
2018-03-27,19,206805797,20,20,18
2018-03-26,20,125473992,20,21,19
2018-03-23,20,99599350,21,21,20
2018-03-22,21,73873883,21,21,21
2018-03-21,21,89313660,21,21,21
2018-03-20,21,71415429,21,21,21
2018-03-19,21,112018294,21,21,21
2018-03-16,21,91700429,22,22,21
2018-03-15,22,98318471,22,22,21
2018-03-14,22,119282220,22,23,22
2018-03-13,23,89409495,23,23,22
2018-03-12,23,123793723,22,23,22
2018-03-09,22,82541644,22,22,21
2018-03-08,22,52715479,22,22,22
2018-03-07,22,75029062,22,22,21
2018-03-06,22,63547213,22,22,22
2018-03-05,22,57310501,22,23,22
2018-03-02,22,76331797,22,22,22
2018-03-01,22,103088228,23,23,22
2018-02-28,23,90990615,24,24,23
2018-02-27,23,71775294,24,24,23
2018-02-26,24,65017467,24,24,23
2018-02-23,23,87212611,23,24,23
2018-02-22,23,104428148,22,23,22
2018-02-21,22,48108726,22,23,22
2018-02-20,22,60089400,22,23,22
2018-02-16,22,84602718,22,23,22
2018-02-15,22,88647301,22,22,21
2018-02-14,21,59221125,21,22,21
2018-02-13,22,68319431,21,22,21
2018-02-12,21,93367138,21,21,20
2018-02-09,21,193866353,21,21,20
2018-02-08,21,154446223,23,23,21
2018-02-07,23,100945180,23,23,22
2018-02-06,22,76200442,22,22,22
2018-02-05,22,66617457,23,23,22
2018-02-02,23,55442327,23,23,23
2018-02-01,23,62811569,23,24,23
2018-01-31,24,92990549,23,24,23
2018-01-30,23,70660225,23,23,23
2018-01-29,23,71073084,23,23,23
2018-01-26,23,68031821,23,23,22
2018-01-25,23,100878070,23,23,22
2018-01-24,23,79160750,24,24,23
2018-01-23,24,81714289,24,24,23
2018-01-22,23,92996609,23,24,23
2018-01-19,23,73067678,23,23,23
2018-01-18,23,85194392,23,23,23
2018-01-17,23,106388257,23,23,23
2018-01-16,23,96438462,23,23,22
2018-01-12,22,72337599,23,23,22
2018-01-11,23,99612895,22,23,22
2018-01-10,22,64545763,22,22,22
2018-01-09,22,107017821,22,23,22
2018-01-08,22,147489076,21,22,21
2018-01-05,21,68830886,21,21,21
2018-01-04,21,149168820,21,21,20
2018-01-03,21,66577767,21,22,21
2018-01-02,21,65184192,21,21,21
2017-12-29,21,56542532,21,21,21
2017-12-28,21,64601158,21,21,21
2017-12-27,21,70576225,21,21,21
2017-12-26,21,65530452,22,22,21
2017-12-22,22,63113998,22,22,22
2017-12-21,22,65549877,22,22,22
2017-12-20,22,88610626,22,22,22
2017-12-19,22,102312969,23,23,22
2017-12-18,23,81998149,23,23,23
2017-12-15,23,103818638,23,23,22
2017-12-14,23,86880317,23,23,22
2017-12-13,23,93265468,23,23,22
2017-12-12,23,130733485,22,23,22
2017-12-11,22,118891291,21,22,21
2017-12-08,21,51991294,21,21,21
2017-12-07,21,71693814,21,21,21
2017-12-06,21,107767101,20,21,20
2017-12-05,20,69655585,20,21,20
2017-12-04,20,87513361,20,21,20
2017-12-01,20,64291198,20,21,20
2017-11-30,21,65181477,21,21,20
2017-11-29,21,131361879,21,21,20
2017-11-28,21,74125508,21,21,21
2017-11-27,21,68066651,21,21,21
2017-11-24,21,48660951,21,21,21
2017-11-22,21,73699208,21,21,21
2017-11-21,21,108845661,21,21,21
2017-11-20,21,123627253,21,21,20
2017-11-17,21,205812347,22,22,21
2017-11-16,21,86916092,21,21,21
2017-11-15,21,89277480,20,21,20
2017-11-14,21,84928518,21,21,20
2017-11-13,21,113478573,20,21,20
2017-11-10,20,69316165,20,21,20
2017-11-09,20,81602554,20,20,20
2017-11-08,20,70880290,20,20,20
2017-11-07,20,79272620,20,20,20
2017-11-06,20,97210286,20,21,20
2017-11-03,20,133288928,20,20,20
2017-11-02,20,296569052,20,21,20
2017-11-01,21,123637243,22,22,21
2017-10-31,22,84750888,21,22,21
2017-10-30,21,63714253,21,22,21
2017-10-27,21,104525423,21,22,21
2017-10-26,22,75151267,22,22,22
2017-10-25,22,128754221,22,23,22
2017-10-24,22,67285346,23,23,22
2017-10-23,22,86093927,23,23,22
2017-10-20,23,73884818,24,24,23
2017-10-19,23,75835687,24,24,23
2017-10-18,24,74040323,24,24,24
2017-10-17,24,49354325,23,24,23
2017-10-16,23,80596310,24,24,23
2017-10-13,24,53082078,24,24,24
2017-10-12,24,61103249,24,24,24
2017-10-11,24,67420961,24,24,23
2017-10-10,24,104583893,23,24,23
2017-10-09,23,111921859,23,23,23
2017-10-06,24,64092958,24,24,23
2017-10-05,24,62518664,24,24,23
2017-10-04,24,122219864,23,24,23
2017-10-03,23,151838174,22,23,22
2017-10-02,23,78413166,23,23,22
2017-09-29,23,76485727,23,23,23
2017-09-28,23,79646645,23,23,22
2017-09-27,23,90410580,23,23,23
2017-09-26,23,107244681,23,23,23
2017-09-25,23,113807313,24,24,23
2017-09-22,23,122143364,24,25,23
2017-09-21,24,69163045,25,25,24
2017-09-20,25,73649333,25,25,25
2017-09-19,25,96528072,25,25,25
2017-09-18,26,107666541,25,26,25
2017-09-15,25,81108364,25,25,25
2017-09-14,25,107553891,24,25,24
2017-09-13,24,62567744,24,25,24
2017-09-12,24,89493015,24,25,24
2017-09-11,24,114764943,23,24,23
2017-09-08,23,48919971,23,23,23
2017-09-07,23,63525643,23,23,23
2017-09-06,23,61229984,23,23,23
2017-09-05,23,57546001,24,24,23
2017-09-01,24,45728227,24,24,24
2017-08-31,24,60949920,24,24,24
2017-08-30,24,51062449,23,24,23
2017-08-29,23,61039514,23,23,23
2017-08-28,23,56193572,23,23,23
2017-08-25,23,52127764,24,24,23
2017-08-24,24,68573576,24,24,23
2017-08-23,24,74129168,23,24,23
2017-08-22,23,64713988,23,23,22
2017-08-21,23,97347701,23,23,22
2017-08-18,23,80862035,24,24,23
2017-08-17,23,75162337,24,24,23
2017-08-16,24,51092569,24,24,24
2017-08-15,24,46268992,24,24,24
2017-08-14,24,67619501,24,25,24
2017-08-11,24,65363397,24,24,24
2017-08-10,24,105945757,24,24,24
2017-08-09,24,103217678,24,25,24
2017-08-08,24,111477514,24,25,24
2017-08-07,24,94639918,24,24,24
2017-08-04,24,138499356,23,24,23
2017-08-03,23,202863949,23,23,23
2017-08-02,22,179135160,21,22,21
2017-08-01,21,124274893,22,22,21
2017-07-31,22,127881746,22,23,21
2017-07-28,22,73048328,22,23,22
2017-07-27,22,124288123,23,23,22
2017-07-26,23,72142674,23,23,23
2017-07-25,23,104668928,23,23,22
2017-07-24,23,128974316,22,23,22
2017-07-21,22,73075583,22,22,22
2017-07-20,22,77137701,22,22,22
2017-07-19,22,95188212,22,22,22
2017-07-18,22,95410602,21,22,21
2017-07-17,21,147412516,22,22,21
2017-07-14,22,84118818,22,22,21
2017-07-13,22,128734661,22,22,21
2017-07-12,22,154758523,22,22,22
2017-07-11,22,172901314,21,22,21
2017-07-10,21,206404247,21,21,20
2017-07-07,21,211949144,21,21,20
2017-07-06,21,288870456,21,21,20
2017-07-05,22,254974373,23,23,22
2017-07-03,24,94580968,25,25,23
2017-06-30,24,87345646,24,24,24
2017-06-29,24,123036883,25,25,24
2017-06-28,25,94354798,24,25,24
2017-06-27,24,104662358,25,25,24
2017-06-26,25,98952761,26,26,25
2017-06-23,26,96377652,25,26,25
2017-06-22,26,112656034,25,26,25
2017-06-21,25,73751513,25,25,25
2017-06-20,25,111286594,25,25,25
2017-06-19,25,96501462,25,25,25
2017-06-16,25,95211702,25,25,25
2017-06-15,25,156189672,25,25,24
2017-06-14,25,191677104,25,26,25
2017-06-13,25,176600462,25,25,24
2017-06-12,24,157617821,24,24,23
2017-06-09,24,258750771,25,25,24
2017-06-08,25,135430087,24,25,24
2017-06-07,24,140230310,24,24,24
2017-06-06,24,165478717,23,24,23
2017-06-05,23,101537559,23,23,22
2017-06-02,23,83759238,23,23,22
2017-06-01,23,114026403,23,23,22
2017-05-31,23,149063265,23,23,22
2017-05-30,22,116572982,22,22,22
2017-05-26,22,116895077,21,22,21
2017-05-25,21,75006442,21,21,21
2017-05-24,21,75527842,20,21,20
2017-05-23,20,64713973,21,21,20
2017-05-22,21,64864543,21,21,20
2017-05-19,21,69818665,21,21,21
2017-05-18,21,84137253,20,21,20
2017-05-17,20,100434805,21,21,20
2017-05-16,21,62115959,21,21,21
2017-05-15,21,114102753,21,21,21
2017-05-12,22,61779164,22,22,21
2017-05-11,22,71207544,22,22,21
2017-05-10,22,86017817,21,22,21
2017-05-09,21,144950538,21,21,21
2017-05-08,20,105043552,21,21,20
2017-05-05,21,121761674,20,21,20
2017-05-04,20,212039744,20,21,19
2017-05-03,21,103188833,21,21,21
2017-05-02,21,79748225,22,22,21
2017-05-01,22,132298254,21,22,21
2017-04-28,21,67449851,21,21,21
2017-04-27,21,51939919,21,21,21
2017-04-26,21,70246930,21,21,21
2017-04-25,21,101012379,21,21,20
2017-04-24,21,76166527,21,21,20
2017-04-21,20,67529336,20,20,20
2017-04-20,20,92189369,20,21,20
2017-04-19,20,58367146,20,20,20
2017-04-18,20,45513352,20,20,20
2017-04-17,20,61920974,20,20,20
2017-04-13,20,139135160,20,20,20
2017-04-12,20,90654675,20,21,20
2017-04-11,21,85770752,21,21,20
2017-04-10,21,114804288,21,21,21
2017-04-07,20,68499446,20,20,20
2017-04-06,20,82765924,20,20,20
2017-04-05,20,117878416,20,20,20
2017-04-04,20,151623374,20,20,20
2017-04-03,20,207972646,19,20,19
2017-03-31,19,49405445,19,19,18
2017-03-30,19,62121524,19,19,18
2017-03-29,18,55087862,19,19,18
2017-03-28,18,119679915,18,19,18
2017-03-27,18,93320368,17,18,17
2017-03-24,18,84564978,17,18,17
2017-03-23,17,49647635,17,17,17
2017-03-22,17,60850995,17,17,17
2017-03-21,17,103523273,18,18,17
2017-03-20,17,54024213,17,18,17
2017-03-17,17,97365221,18,18,17
2017-03-16,17,106907647,17,18,17
2017-03-15,17,78500436,17,17,17
2017-03-14,17,113725728,16,17,16
2017-03-13,16,45169177,16,16,16
2017-03-10,16,45941752,16,16,16
2017-03-09,16,58147381,17,17,16
2017-03-08,16,55901162,16,17,16
2017-03-07,17,51788779,17,17,17
2017-03-06,17,50303990,17,17,17
2017-03-03,17,43882193,17,17,17
2017-03-02,17,50186240,17,17,17
2017-03-01,17,72074409,17,17,17
2017-02-28,17,91108304,16,17,16
2017-02-27,16,171752314,17,17,16
2017-02-24,17,122502974,17,17,17
2017-02-23,17,223156238,18,18,17
2017-02-22,18,128067101,19,19,18
2017-02-21,18,84713583,18,19,18
2017-02-17,18,93771988,18,18,18
2017-02-16,18,105957847,19,19,18
2017-02-15,19,74158148,19,19,18
2017-02-14,19,110121695,19,19,19
2017-02-13,19,105346027,18,19,18
2017-02-10,18,54275013,18,18,18
2017-02-09,18,117188941,18,18,18
2017-02-08,17,58686391,17,18,17
2017-02-07,17,63660913,17,17,17
2017-02-06,17,53363973,17,17,17
2017-02-03,17,32778434,17,17,17
2017-02-02,17,37481966,17,17,17
2017-02-01,17,59296545,17,17,17
2017-01-31,17,61680164,17,17,17
2017-01-30,17,56979542,17,17,16
2017-01-27,17,47426586,17,17,17
2017-01-26,17,47155731,17,17,17
2017-01-25,17,77179476,17,17,17
2017-01-24,17,74372123,17,17,17
2017-01-23,17,93931408,16,17,16
2017-01-20,16,62995769,16,16,16
2017-01-19,16,115758602,16,17,16
2017-01-18,16,56509052,16,16,16
2017-01-17,16,69220930,16,16,16
2017-01-13,16,91284104,15,16,15
2017-01-12,15,56813177,15,15,15
2017-01-11,15,54748623,15,15,15
2017-01-10,15,54884688,15,15,15
2017-01-09,15,59590710,15,15,15
2017-01-06,15,82862254,15,15,15
2017-01-05,15,88633861,15,15,15
2017-01-04,15,168068316,14,15,14
2017-01-03,14,88522366,14,15,14
2016-12-30,14,69619285,14,15,14
2016-12-29,14,60646260,15,15,14
2016-12-28,15,56678132,15,15,14
2016-12-27,15,88699981,14,15,14
2016-12-23,14,70023910,14,14,14
2016-12-22,14,46626382,14,14,14
2016-12-21,14,78092106,14,14,14
2016-12-20,14,70264000,14,14,14
2016-12-19,14,52304029,13,14,13
2016-12-16,13,56931632,13,14,13
2016-12-15,13,48279771,13,13,13
2016-12-14,13,62209679,13,14,13
2016-12-13,13,102289779,13,13,13
2016-12-12,13,36546402,13,13,13
2016-12-09,13,40814035,13,13,13
2016-12-08,13,47905236,13,13,13
2016-12-07,13,81856024,12,13,12
2016-12-06,12,50840450,12,12,12
2016-12-05,12,61042169,12,13,12
2016-12-02,12,60602985,12,12,12
2016-12-01,12,76786537,13,13,12
2016-11-30,13,53173338,13,13,13
2016-11-29,13,66529647,13,13,13
2016-11-28,13,67816196,13,13,13
2016-11-25,13,35491452,13,13,13
2016-11-23,13,73354238,13,13,13
2016-11-22,13,84018528,12,13,12
2016-11-21,12,65338047,12,13,12
2016-11-18,12,78097056,13,13,12
2016-11-17,13,73214498,12,13,12
2016-11-16,12,51489994,12,12,12
2016-11-15,12,58496116,12,12,12
2016-11-14,12,98218646,13,13,12
2016-11-11,13,59806335,12,13,12
2016-11-10,12,101194299,13,13,12
2016-11-09,13,122496644,12,13,12
2016-11-08,13,48793881,13,13,13
2016-11-07,13,57865201,13,13,13
2016-11-04,13,77158686,13,13,12
2016-11-03,12,39668230,13,13,12
2016-11-02,13,63633718,13,13,13
2016-11-01,13,105355057,13,13,13
2016-10-31,13,70369765,13,13,13
2016-10-28,13,64101808,14,14,13
2016-10-27,14,196064752,14,14,13
2016-10-26,13,80203355,13,14,13
2016-10-25,13,36631752,14,14,13
2016-10-24,14,41210139,13,14,13
2016-10-21,13,44053598,13,13,13
2016-10-20,13,76041112,13,14,13
2016-10-19,14,104492723,13,14,13
2016-10-18,13,85140647,13,13,13
2016-10-17,13,67774931,13,13,13
2016-10-14,13,63982033,13,13,13
2016-10-13,13,37427081,13,13,13
2016-10-12,13,29536470,13,14,13
2016-10-11,13,34901293,13,13,13
2016-10-10,13,49670075,13,14,13
2016-10-07,13,52342174,13,13,13
2016-10-06,13,70469020,13,14,13
2016-10-05,14,28086826,14,14,14
2016-10-04,14,53069268,14,14,14
2016-10-03,14,89840085,14,14,14
2016-09-30,14,38725931,13,14,13
2016-09-29,13,40710580,14,14,13
2016-09-28,14,31189844,14,14,14
2016-09-27,14,50518580,14,14,14
2016-09-26,14,35900577,14,14,14
2016-09-23,14,43561853,14,14,14
2016-09-22,14,35723982,14,14,14
2016-09-21,14,39469255,14,14,13
2016-09-20,14,36128322,14,14,14
2016-09-19,14,34474753,14,14,14
2016-09-16,14,46563967,13,14,13
2016-09-15,13,46244107,13,14,13
2016-09-14,13,33842128,13,13,13
2016-09-13,13,53747073,13,13,13
2016-09-12,13,55710707,13,13,13
2016-09-09,13,56305982,13,13,13
2016-09-08,13,50584370,13,13,13
2016-09-07,13,54568743,14,14,13
2016-09-06,14,65792862,13,14,13
2016-09-02,13,89552265,13,14,13
2016-09-01,13,118986601,14,14,13
2016-08-31,14,49122785,14,14,14
2016-08-30,14,47463306,14,14,14
2016-08-29,14,48920691,15,15,14
2016-08-26,15,33571288,15,15,15
2016-08-25,15,26403167,15,15,15
2016-08-24,15,38504186,15,15,15
2016-08-23,15,71216139,15,15,15
2016-08-22,15,30925365,15,15,15
2016-08-19,15,24879228,15,15,15
2016-08-18,15,25489487,15,15,15
2016-08-17,15,26796107,15,15,15
2016-08-16,15,33766708,15,15,15
2016-08-15,15,30269445,15,15,15
2016-08-12,15,27177736,15,15,15
2016-08-11,15,28154371,15,15,15
2016-08-10,15,35047422,15,15,15
2016-08-09,15,32996474,15,15,15
2016-08-08,15,33891958,15,15,15
2016-08-05,15,47855106,15,15,15
2016-08-04,15,62132294,15,15,15
2016-08-03,15,57131176,15,15,15
2016-08-02,15,58930561,15,15,15
2016-08-01,15,60210690,16,16,15
2016-07-29,16,45923587,15,16,15
2016-07-28,15,36231912,15,15,15
2016-07-27,15,43305398,15,16,15
2016-07-26,15,51408739,15,15,15
2016-07-25,15,67192211,15,15,15
2016-07-22,15,38556911,15,15,15
2016-07-21,15,66386307,15,15,15
2016-07-20,15,38341766,15,15,15
2016-07-19,15,45713002,15,15,15
2016-07-18,15,50918795,15,15,15
2016-07-15,15,33462298,15,15,15
2016-07-14,15,39868465,15,15,15
2016-07-13,15,53110458,15,15,15
2016-07-12,15,68608091,15,15,15
2016-07-11,15,80535950,15,15,15
2016-07-08,14,61006934,15,15,14
2016-07-07,14,54050748,14,15,14
2016-07-06,14,73654238,14,14,14
2016-07-05,14,77547441,14,14,14
2016-07-01,14,80940410,14,15,14
2016-06-30,14,71916564,14,14,14
2016-06-29,14,89806755,14,14,14
2016-06-28,13,92384894,13,14,13
2016-06-27,13,108177291,13,13,13
2016-06-24,13,104834183,13,13,13
2016-06-23,13,151472774,13,13,13
2016-06-22,13,355591322,13,14,13
2016-06-21,15,42834264,15,15,15
2016-06-20,15,53246493,15,15,15
2016-06-17,14,46615987,15,15,14
2016-06-16,15,36580362,14,15,14
2016-06-15,15,43575008,14,15,14
2016-06-14,14,53637303,15,15,14
2016-06-13,15,62817464,15,15,15
2016-06-10,15,89918175,15,15,15
2016-06-09,15,66813297,16,16,15
2016-06-08,16,89476605,16,16,16
2016-06-07,15,92912264,15,16,15
2016-06-06,15,33639493,15,15,14
2016-06-03,15,33391633,15,15,15
2016-06-02,15,30259170,15,15,14
2016-06-01,15,44734028,15,15,14
2016-05-31,15,41800209,15,15,15
2016-05-27,15,54686853,15,15,15
2016-05-26,15,60997650,15,15,15
2016-05-25,15,46969162,15,15,14
2016-05-24,15,45139882,14,15,14
2016-05-23,14,76451227,15,15,14
2016-05-20,15,134948123,14,15,14
2016-05-19,14,102268779,14,14,14
2016-05-18,14,83290338,14,14,14
2016-05-17,14,42630399,14,14,14
2016-05-16,14,44186288,14,14,14
2016-05-13,14,42309219,14,14,14
2016-05-12,14,54751098,14,14,14
2016-05-11,14,77394561,14,14,14
2016-05-10,14,61020764,14,14,14
2016-05-09,14,71594844,14,14,14
2016-05-06,14,85255082,14,14,14
2016-05-05,14,168725016,15,15,14
2016-05-04,15,128249996,15,16,15
2016-05-03,15,64444843,16,16,15
2016-05-02,16,57584341,16,16,16
2016-04-29,16,81077419,17,17,16
2016-04-28,17,37733906,17,17,16
2016-04-27,17,47971551,17,17,17
2016-04-26,17,48266661,17,17,17
2016-04-25,17,54976293,17,17,17
2016-04-22,17,56746862,17,17,16
2016-04-21,17,41656164,17,17,16
2016-04-20,17,77885106,16,17,16
2016-04-19,16,95270352,17,17,16
2016-04-18,17,63948658,17,17,17
2016-04-15,17,56228867,17,17,17
2016-04-14,17,61938839,17,17,17
2016-04-13,17,73823273,17,17,16
2016-04-12,17,86330222,17,17,16
2016-04-11,17,137345991,17,17,16
2016-04-08,17,110290550,17,17,17
2016-04-07,17,132683439,18,18,17
2016-04-06,18,175436312,17,18,17
2016-04-05,17,148971976,16,17,16
2016-04-04,16,200717300,17,17,16
2016-04-01,16,239698530,16,17,16
2016-03-31,15,119634510,15,16,15
2016-03-30,15,60385020,16,16,15
2016-03-29,15,60090525,15,15,15
2016-03-28,15,58178956,15,16,15
2016-03-24,15,74349023,14,15,14
2016-03-23,15,74043008,15,16,15
2016-03-22,16,64545748,16,16,16
2016-03-21,16,79335170,16,16,16
2016-03-18,16,70571380,15,16,15
2016-03-17,15,56536217,15,15,15
2016-03-16,15,52678069,15,15,14
2016-03-15,15,46998427,14,15,14
2016-03-14,14,60934530,14,14,14
2016-03-11,14,50087195,14,14,14
2016-03-10,14,77873991,14,14,13
2016-03-09,14,48113931,14,14,14
2016-03-08,14,62632439,14,14,13
2016-03-07,14,79966415,13,14,13
2016-03-04,13,97197821,13,14,13
2016-03-03,13,72344859,13,13,12
2016-03-02,13,72879429,12,13,12
2016-03-01,12,100435510,13,13,12
2016-02-29,13,67430996,13,13,13
2016-02-26,13,90810870,13,13,12
2016-02-25,12,85905077,12,13,12
2016-02-24,12,80780495,12,12,11
2016-02-23,12,89744850,12,12,12
2016-02-22,12,75830062,11,12,11
2016-02-19,11,44337458,11,11,11
2016-02-18,11,58246576,11,12,11
2016-02-17,11,87303916,11,11,10
2016-02-16,10,83424528,11,11,10
2016-02-12,10,108498906,10,10,10
2016-02-11,10,213553393,10,11,10
2016-02-10,10,151570274,10,10,9
2016-02-09,10,129594850,9,11,9
2016-02-08,10,139601240,10,10,10
2016-02-05,11,141517354,11,12,11
2016-02-04,12,65691597,11,12,11
2016-02-03,12,118914541,12,12,11
2016-02-02,12,86472212,13,13,12
2016-02-01,13,79435235,13,13,12
2016-01-29,13,42733914,13,13,13
2016-01-28,13,68794886,13,13,12
2016-01-27,13,53660268,13,13,12
2016-01-26,13,74353733,13,13,13
2016-01-25,13,40431100,13,14,13
2016-01-22,14,46830967,14,14,13
2016-01-21,13,47466336,13,14,13
2016-01-20,13,87391606,13,13,13
2016-01-19,14,60469035,14,14,13
2016-01-15,14,79886555,13,14,13
2016-01-14,14,97358636,13,14,13
2016-01-13,13,61814864,14,14,13
2016-01-12,14,46185742,14,14,14
2016-01-11,14,61362614,14,14,14
2016-01-08,14,53585373,15,15,14
2016-01-07,14,53260533,14,15,14
2016-01-06,15,56615267,15,15,14
2016-01-05,15,47782851,15,15,15
2016-01-04,15,102352599,15,15,15
2015-12-31,16,40707235,16,16,16
2015-12-30,16,55416692,16,16,16
2015-12-29,16,36036552,15,16,15
2015-12-28,15,28502551,15,15,15
2015-12-24,15,10654150,15,15,15
2015-12-23,15,23265453,15,16,15
2015-12-22,15,29382525,16,16,15
2015-12-21,16,29273700,15,16,15
2015-12-18,15,45120832,16,16,15
2015-12-17,16,49416875,16,16,15
2015-12-16,16,76506607,15,16,15
2015-12-15,15,33625273,15,15,15
2015-12-14,15,42416934,15,15,14
2015-12-11,14,48886686,15,15,14
2015-12-10,15,31051304,15,15,15
2015-12-09,15,45855517,15,15,15
2015-12-08,15,40233865,15,15,15
2015-12-07,15,47112936,15,16,15
2015-12-04,15,38580191,15,16,15
2015-12-03,16,44058473,16,16,15
2015-12-02,15,44709638,16,16,15
2015-12-01,16,55928402,15,16,15
2015-11-30,15,38868056,15,16,15
2015-11-27,15,29240280,15,15,15
2015-11-25,15,59804145,15,15,15
2015-11-24,15,37175816,14,15,14
2015-11-23,15,37877921,14,15,14
2015-11-20,15,65912952,15,15,14
2015-11-19,15,37493876,15,15,15
2015-11-18,15,42152979,14,15,14
2015-11-17,14,32224874,14,14,14
2015-11-16,14,43805408,14,14,14
2015-11-13,14,51347059,14,14,14
2015-11-12,14,43702643,15,15,14
2015-11-11,15,50062490,15,15,14
2015-11-10,14,69186085,15,15,14
2015-11-09,15,57692656,16,16,15
2015-11-06,15,36663942,15,16,15
2015-11-05,15,67424126,15,16,15
2015-11-04,15,190702855,15,16,15
2015-11-03,14,120976305,14,14,14
2015-11-02,14,58867681,14,14,14
2015-10-30,14,66486462,14,14,14
2015-10-29,14,26921132,14,14,14
2015-10-28,14,40903180,14,14,14
2015-10-27,14,52692454,14,14,14
2015-10-26,14,50823380,14,14,14
2015-10-23,14,63396133,14,14,14
2015-10-22,14,42281994,14,14,14
2015-10-21,14,62669309,14,14,14
2015-10-20,14,223155188,15,15,13
2015-10-19,15,37602521,15,15,15
2015-10-16,15,64913578,15,15,15
2015-10-15,15,42538779,14,15,14
2015-10-14,14,46416517,15,15,14
2015-10-13,15,77522391,14,15,14
2015-10-12,14,57242536,15,15,14
2015-10-09,15,92306264,15,15,15
2015-10-08,15,91889864,15,15,15
2015-10-07,15,102066444,16,16,15
2015-10-06,16,78520146,16,16,16
2015-10-05,16,55267322,17,17,16
2015-10-02,17,66114192,16,17,16
2015-10-01,16,68523881,17,17,16
2015-09-30,17,73886228,17,17,16
2015-09-29,16,55439552,17,17,16
2015-09-28,17,73396658,17,17,16
2015-09-25,17,56570897,18,18,17
2015-09-24,18,51639994,17,18,17
2015-09-23,17,38957531,17,17,17
2015-09-22,17,54909618,17,18,17
2015-09-21,18,91719179,18,18,17
2015-09-18,17,56409632,17,18,17
2015-09-17,17,53628288,18,18,17
2015-09-16,17,66085557,17,18,17
2015-09-15,17,43974083,17,17,17
2015-09-14,17,43284128,17,17,17
2015-09-11,17,35202012,17,17,16
2015-09-10,17,40603090,16,17,16
2015-09-09,17,50774690,17,17,17
2015-09-08,17,46948042,16,17,16
2015-09-04,16,55311812,16,16,16
2015-09-03,16,62772089,17,17,16
2015-09-02,17,68862821,16,17,16
2015-09-01,16,81658474,16,16,16
2015-08-31,17,70325560,16,17,16
2015-08-28,17,82609999,16,17,16
2015-08-27,16,114686538,15,16,15
2015-08-26,15,74269463,15,15,14
2015-08-25,15,64705153,15,15,15
2015-08-24,15,143437188,14,15,13
2015-08-21,15,98676476,16,16,15
2015-08-20,16,73382513,17,17,16
2015-08-19,17,53984028,17,17,17
2015-08-18,17,62790734,17,17,17
2015-08-17,17,107525886,17,17,17
2015-08-14,16,65410362,16,17,16
2015-08-13,16,70249915,16,16,16
2015-08-12,16,55952042,16,16,16
2015-08-11,16,63913348,16,16,16
2015-08-10,16,62689574,16,16,16
2015-08-07,16,76043992,16,16,16
2015-08-06,16,219267190,17,17,16
2015-08-05,18,89538630,18,18,17
2015-08-04,18,35042262,17,18,17
2015-08-03,17,38207441,18,18,17
2015-07-31,18,33270043,18,18,18
2015-07-30,18,30459060,18,18,17
2015-07-29,18,41743269,18,18,17
2015-07-28,18,58189921,17,18,17
2015-07-27,17,70333075,17,18,17
2015-07-24,18,42517794,18,18,18
2015-07-23,18,33337198,18,18,18
2015-07-22,18,46459867,17,18,17
2015-07-21,18,91374434,18,18,18
2015-07-20,19,74546273,18,19,18
2015-07-17,18,74950298,18,18,18
2015-07-16,18,23973783,18,18,18
2015-07-15,18,30102885,18,18,17
2015-07-14,18,28583521,17,18,17
2015-07-13,17,44270933,17,18,17
2015-07-10,17,39078205,17,18,17
2015-07-09,17,49946435,17,18,17
2015-07-08,17,93189103,17,17,17
2015-07-07,18,91445729,18,18,17
2015-07-06,19,61638854,19,19,18
2015-07-02,19,107333721,19,19,18
2015-07-01,18,31500269,18,18,18
2015-06-30,18,46266502,18,18,18
2015-06-29,17,52071754,17,18,17
2015-06-26,18,57444871,18,18,18
2015-06-25,18,42674874,18,18,18
2015-06-24,18,36172362,18,18,18
2015-06-23,18,57969001,17,18,17
2015-06-22,17,68386046,17,18,17
